model_year,milage,engine,accident,price,automatic
2013,51000.0,3.7,1,10300.0,0.0
2021,34742.0,3.8,1,38005.0,1.0
2015,88900.0,3.5,0,15500.0,0.0
2017,84000.0,2.0,0,31000.0,0.0
2001,242000.0,4.4,0,7300.0,0.0
2021,23436.0,3.5,0,41927.0,0.0
2019,22770.0,5.2,0,184606.0,0.0
2021,12500.0,3.0,0,53500.0,0.0
2022,18196.0,3.0,0,62000.0,0.0
2013,79800.0,5.0,0,29990.0,0.0
2021,1685.0,2.0,0,250000.0,1.0
2013,61074.0,3.6,0,16800.0,0.0
2003,74000.0,3.5,0,11000.0,0.0
2018,35250.0,5.0,0,68750.0,0.0
2000,133510.0,2.2,0,4500.0,0.0
2023,2823.0,3.5,0,58504.0,1.0
2021,52000.0,5.3,0,61000.0,0.0
2022,11650.0,2.0,0,32300.0,0.0
2021,17500.0,2.0,0,59995.0,0.0
2015,69000.0,4.4,0,25700.0,0.0
2017,81880.0,2.0,0,21375.0,1.0
2018,28800.0,3.0,0,48000.0,0.0
2006,300183.0,5.7,1,10900.0,0.0
2011,171000.0,3.5,0,5999.0,0.0
2016,118700.0,5.7,0,46900.0,0.0
2017,119000.0,2.4,0,15900.0,0.0
2012,125575.0,2.0,0,8999.0,0.0
2007,16200.0,2.7,0,8200.0,0.0
2014,70000.0,2.0,1,20000.0,0.0
2011,20200.0,6.0,0,79950.0,0.0
2007,189719.0,3.0,1,14000.0,0.0
2012,54000.0,3.0,1,36880.0,0.0
2021,51351.0,5.3,0,43147.0,1.0
2017,24280.0,2.0,1,29000.0,0.0
2016,89148.0,3.5,0,17500.0,0.0
2017,73043.0,3.6,0,30990.0,0.0
2017,60000.0,4.0,1,52500.0,0.0
2005,110900.0,6.0,0,19500.0,0.0
2013,39000.0,3.8,0,73000.0,0.0
2016,120000.0,2.0,0,19800.0,0.0
2009,134602.0,3.5,0,7500.0,0.0
2010,83500.0,2.0,0,6500.0,0.0
2014,37060.0,5.0,0,28500.0,0.0
2010,97700.0,3.7,0,10995.0,0.0
2018,40000.0,2.0,0,42000.0,0.0
2014,186000.0,3.5,1,10000.0,0.0
2014,104000.0,3.5,0,21000.0,0.0
2023,8500.0,3.0,0,67900.0,0.0
2023,6090.0,2.0,0,46900.0,0.0
2019,47523.0,2.0,0,31000.0,0.0
2006,43000.0,6.1,1,19995.0,0.0
2017,14684.0,6.0,0,130000.0,0.0
2019,57800.0,3.0,0,55999.0,0.0
2023,952.0,1.6,0,49950.0,0.0
2019,21240.0,2.9,1,59950.0,0.0
2019,59338.0,3.0,0,42499.0,0.0
2019,23230.0,3.0,0,44999.0,0.0
2017,48000.0,3.0,1,30000.0,0.0
2005,41059.0,3.3,0,11100.0,0.0
2015,11500.0,3.4,0,72000.0,0.0
2021,9950.0,3.3,0,53950.0,0.0
2023,633.0,2.0,0,47999.0,0.0
2015,66000.0,2.4,1,15900.0,0.0
2014,59715.0,4.0,1,45000.0,0.0
2012,85252.0,3.0,0,18500.0,0.0
2020,17900.0,3.0,1,80000.0,0.0
2016,25500.0,4.4,0,55000.0,0.0
2023,3800.0,2.0,0,34000.0,0.0
2022,36602.0,1.6,0,31995.0,1.0
2021,2165.0,5.2,0,279950.0,1.0
2018,33000.0,2.0,1,29900.0,0.0
2016,76009.0,3.0,0,24950.0,0.0
2015,48000.0,3.5,0,32900.0,0.0
2005,91420.0,2.5,0,8900.0,0.0
2003,124756.0,1.8,1,4995.0,0.0
2012,116226.0,3.6,0,7900.0,0.0
2019,41500.0,1.5,0,86000.0,0.0
2013,87001.0,2.5,0,17995.0,0.0
2022,4451.0,3.0,1,55655.0,1.0
2014,139804.0,4.3,1,14500.0,0.0
2022,27300.0,3.6,0,47500.0,0.0
2014,36812.0,2.0,0,27000.0,0.0
2016,144000.0,3.0,1,18000.0,0.0
2019,44500.0,2.0,0,28900.0,0.0
2005,8332.0,6.75,0,47350.0,0.0
2016,69000.0,5.5,0,36500.0,0.0
2021,147834.0,3.6,0,32662.0,1.0
2013,105000.0,3.7,1,6600.0,0.0
2011,92203.0,2.0,0,9995.0,0.0
2010,15600.0,3.8,0,69500.0,0.0
2010,72348.0,1.8,1,9995.0,0.0
2016,96000.0,3.0,1,23000.0,0.0
2011,93009.0,5.3,0,22495.0,1.0
2016,52750.0,3.5,1,28998.0,0.0
2017,87305.0,,0,9000.0,0.0
2015,41000.0,4.4,0,30000.0,0.0
2021,42125.0,2.5,0,27899.0,1.0
2016,62000.0,4.0,0,40000.0,0.0
2006,153843.0,4.4,1,9950.0,0.0
2015,194454.0,2.5,0,9888.0,0.0
2021,21000.0,5.7,0,89999.0,0.0
2006,218000.0,5.7,0,12990.0,0.0
2021,67800.0,5.6,1,36500.0,0.0
2014,79000.0,2.7,1,42999.0,0.0
2006,66840.0,5.3,1,12000.0,0.0
2013,86000.0,4.4,0,32000.0,0.0
2023,654.0,2.0,0,34599.0,1.0
2005,75000.0,3.8,0,12500.0,0.0
2015,84000.0,2.0,1,22800.0,0.0
2017,52500.0,4.0,0,39999.0,0.0
2011,120000.0,3.6,0,7500.0,0.0
2020,18665.0,2.0,0,35645.0,1.0
2016,19987.0,6.3,0,149900.0,0.0
2017,36486.0,5.0,1,23950.0,0.0
2013,162100.0,5.4,0,12500.0,0.0
2020,32744.0,2.5,0,24000.0,0.0
2012,54000.0,3.6,1,26000.0,0.0
2008,202055.0,4.0,1,8500.0,0.0
2019,65000.0,6.7,0,65000.0,0.0
2022,9686.0,2.4,0,30990.0,1.0
2010,49620.0,4.6,0,10499.0,0.0
1997,213000.0,4.5,0,26500.0,0.0
2020,16010.0,3.8,0,114000.0,0.0
2021,68000.0,2.0,0,36499.0,0.0
1999,82000.0,4.7,0,25000.0,0.0
2012,129000.0,2.5,1,7000.0,0.0
2014,106731.0,4.6,1,30000.0,0.0
2019,34672.0,3.5,0,45500.0,0.0
2010,55900.0,3.6,0,8950.0,0.0
2015,82000.0,2.0,0,17000.0,0.0
2023,4785.0,2.0,0,42850.0,1.0
2013,177600.0,2.5,1,7100.0,0.0
2014,78568.0,2.0,0,15500.0,0.0
2018,95000.0,3.7,0,43000.0,0.0
2018,4529.0,3.8,0,417500.0,1.0
2011,88300.0,3.2,1,11500.0,0.0
2013,98000.0,5.3,1,27499.0,0.0
2018,20675.0,2.5,0,76000.0,0.0
2008,95000.0,5.4,0,10900.0,0.0
2010,107000.0,2.0,1,6250.0,0.0
2016,60000.0,3.0,1,24700.0,0.0
2012,33000.0,2.0,0,34999.0,0.0
2016,108500.0,6.0,0,63500.0,0.0
2017,37800.0,3.8,0,149500.0,0.0
2021,46707.0,2.5,1,32541.0,1.0
2022,26500.0,3.5,0,65900.0,0.0
2020,10001.0,5.6,0,47214.0,1.0
2019,19050.0,5.7,0,76900.0,0.0
2020,52000.0,3.6,0,35800.0,0.0
2014,65000.0,3.0,1,54999.0,0.0
2004,140000.0,3.0,0,6730.0,0.0
2018,75600.0,1.5,1,14950.0,0.0
2015,117292.0,2.0,0,12000.0,0.0
2017,26000.0,5.0,0,33600.0,0.0
2008,15020.0,2.4,0,18500.0,0.0
2013,115000.0,4.6,1,36000.0,0.0
2005,28500.0,3.8,0,63500.0,0.0
2018,51700.0,2.0,0,32000.0,0.0
2008,148949.0,3.5,0,3900.0,0.0
2018,39300.0,3.0,1,31750.0,0.0
2008,82323.0,2.2,0,28500.0,0.0
2001,109357.0,6.8,0,12749.0,0.0
2004,46000.0,5.0,0,18853.0,0.0
2007,123112.0,5.5,1,104999.0,0.0
2007,37100.0,3.5,0,16900.0,0.0
2016,89000.0,2.0,0,14500.0,0.0
2019,67073.0,3.5,1,47999.0,0.0
2018,41000.0,5.5,0,108900.0,0.0
2012,123815.0,3.6,0,5000.0,0.0
2011,6330.0,8.0,0,1950995.0,1.0
2008,114287.0,4.2,0,9900.0,0.0
2015,75000.0,2.0,0,14500.0,0.0
2016,70582.0,3.0,1,35000.0,0.0
2014,33088.0,3.4,0,49750.0,0.0
2021,1850.0,2.5,0,49000.0,0.0
2008,94155.0,4.6,0,10500.0,0.0
2016,25000.0,3.6,0,17999.0,0.0
2016,99500.0,5.3,0,27995.0,0.0
2009,158564.0,3.7,0,8750.0,0.0
2023,20000.0,3.5,0,78499.0,0.0
2018,46711.0,3.6,1,20850.0,0.0
2017,46496.0,5.6,0,41000.0,0.0
2019,19800.0,3.0,0,53800.0,0.0
2008,175000.0,5.7,1,37900.0,0.0
2016,61500.0,5.7,0,63500.0,0.0
2016,49750.0,3.6,0,65000.0,0.0
2007,38800.0,5.0,0,100000.0,0.0
2011,83765.0,3.5,0,8995.0,0.0
1993,231500.0,,0,29500.0,0.0
2021,13692.0,4.0,0,257000.0,0.0
2013,60058.0,3.7,1,15000.0,0.0
2017,54423.0,3.0,0,33950.0,0.0
2022,2050.0,5.2,0,94999.0,0.0
2019,64855.0,3.5,0,46995.0,0.0
2022,18051.0,5.7,0,47995.0,1.0
2004,36524.0,4.6,0,14900.0,0.0
2003,224000.0,2.4,0,3900.0,0.0
2014,80581.0,4.7,0,26000.0,0.0
2007,81400.0,2.0,1,11000.0,0.0
2019,6700.0,2.0,0,63000.0,0.0
2015,143000.0,3.7,0,22500.0,0.0
2017,87842.0,2.0,0,18688.0,1.0
2010,116451.0,3.7,0,16500.0,0.0
2019,53677.0,5.6,0,27900.0,0.0
2021,12000.0,2.9,0,77500.0,0.0
2020,32000.0,2.0,0,68000.0,0.0
2014,70312.0,3.7,0,19995.0,0.0
2022,8794.0,3.6,0,54000.0,0.0
2010,156000.0,3.5,1,5900.0,0.0
2020,25568.0,3.0,0,134999.0,0.0
2018,67100.0,3.0,1,34250.0,0.0
2014,52000.0,2.7,1,37000.0,0.0
2011,137200.0,3.7,0,12000.0,0.0
2018,36000.0,2.0,1,32000.0,0.0
2023,15500.0,2.0,1,24500.0,0.0
2015,846.0,1.5,0,86999.0,0.0
2018,50166.0,3.6,1,43550.0,1.0
2017,37375.0,3.0,0,27500.0,0.0
2019,9500.0,2.5,1,69000.0,0.0
2005,143095.0,6.0,0,16000.0,0.0
2002,80000.0,2.0,1,8500.0,0.0
2021,3000.0,3.9,0,275000.0,0.0
2007,5856.0,3.4,0,45000.0,0.0
2013,2958.0,6.8,0,488880.0,1.0
2022,4102.0,4.0,0,144664.0,0.0
2021,14442.0,3.5,0,38500.0,0.0
2005,64000.0,5.0,0,12995.0,0.0
2004,154000.0,4.7,1,10000.0,0.0
2015,54000.0,2.0,0,27000.0,0.0
2007,232492.0,3.7,1,6000.0,0.0
2020,25721.0,3.0,0,52645.0,1.0
2021,2353.0,4.0,0,159500.0,1.0
2020,61001.0,2.3,1,28616.0,1.0
2018,71962.0,4.0,0,46900.0,0.0
2023,5800.0,2.4,0,29990.0,0.0
2016,40080.0,3.0,0,28499.0,0.0
2020,57000.0,3.3,1,36500.0,0.0
2004,122000.0,2.5,1,9999.0,0.0
2016,62500.0,3.0,1,40500.0,0.0
2013,72000.0,5.0,0,17500.0,0.0
2020,40000.0,4.4,0,53000.0,0.0
2014,77000.0,2.5,1,30000.0,0.0
2013,800.0,1.6,0,9800.0,0.0
2023,2600.0,4.0,0,239995.0,1.0
2015,45000.0,4.7,0,41900.0,0.0
2011,137000.0,5.6,1,8500.0,0.0
2016,85000.0,,1,18500.0,0.0
2023,4000.0,6.2,1,73900.0,0.0
2018,52100.0,4.6,0,38000.0,0.0
2014,50100.0,2.0,0,10795.0,0.0
2020,41000.0,2.0,0,32400.0,0.0
2021,70968.0,5.7,0,34000.0,0.0
2015,26600.0,3.0,0,53000.0,0.0
2018,95000.0,2.0,0,18000.0,0.0
2005,94000.0,2.5,0,19500.0,0.0
2014,110000.0,2.0,0,11000.0,0.0
2017,63500.0,5.0,0,27500.0,0.0
2009,21500.0,3.5,1,18000.0,0.0
2020,18200.0,2.0,1,29500.0,0.0
2015,51000.0,5.2,1,102000.0,0.0
2018,16400.0,2.0,0,42800.0,0.0
2022,7000.0,3.4,0,75500.0,0.0
2016,68000.0,2.0,1,20000.0,0.0
2007,83000.0,3.0,0,8995.0,0.0
2018,25000.0,3.0,0,50000.0,0.0
2014,125450.0,3.0,0,17200.0,0.0
2008,144000.0,6.0,0,22000.0,0.0
2020,30900.0,2.5,0,27654.0,1.0
2015,126760.0,2.0,1,14000.0,0.0
2017,100680.0,3.6,0,20500.0,0.0
2001,90400.0,2.4,0,4495.0,0.0
2018,20500.0,4.4,0,67000.0,0.0
2011,134000.0,5.7,1,10500.0,0.0
2015,84352.0,2.0,1,10000.0,0.0
2022,19000.0,3.4,0,71000.0,0.0
2015,115550.0,2.0,0,17500.0,0.0
2009,191775.0,5.4,1,9750.0,0.0
2017,124630.0,3.0,0,75000.0,0.0
2019,17000.0,4.0,0,95000.0,0.0
2018,73500.0,3.0,0,32000.0,0.0
1998,120000.0,1.8,1,5500.0,0.0
2019,73837.0,3.0,0,36340.0,1.0
2014,29500.0,4.4,0,40999.0,0.0
2023,1185.0,3.4,0,120990.0,0.0
2015,143250.0,3.7,0,11500.0,0.0
2006,46508.0,3.0,1,11500.0,0.0
2015,18651.0,4.4,0,59549.0,0.0
2015,57550.0,2.0,0,29995.0,0.0
2017,48600.0,6.2,0,60999.0,0.0
2020,119000.0,2.5,0,18000.0,0.0
2020,36500.0,5.0,0,72000.0,0.0
2010,121250.0,2.5,1,13250.0,0.0
2023,2437.0,3.0,0,78350.0,0.0
2018,110380.0,2.0,1,22000.0,0.0
2008,149000.0,2.7,0,3850.0,0.0
2017,39000.0,3.0,1,39000.0,0.0
2019,65212.0,5.3,0,42995.0,1.0
2020,41856.0,4.0,0,91500.0,0.0
2019,54000.0,2.5,0,33000.0,0.0
2019,26500.0,2.9,0,53900.0,0.0
2020,21487.0,2.0,0,35345.0,1.0
2007,99000.0,6.2,0,22999.0,0.0
2005,130307.0,3.5,0,9950.0,0.0
2010,178000.0,2.5,0,7600.0,0.0
2003,160265.0,1.7,1,3000.0,0.0
2020,8700.0,3.8,0,185000.0,0.0
2016,1000.0,3.0,0,36000.0,0.0
2017,49750.0,3.0,0,27995.0,0.0
2002,121000.0,3.0,0,6348.0,0.0
2005,140000.0,4.6,0,2000.0,0.0
2016,38100.0,3.5,0,21000.0,0.0
2010,138071.0,1.5,0,5000.0,0.0
2019,40000.0,4.0,1,72000.0,0.0
2019,47850.0,4.0,1,127899.0,0.0
2014,128000.0,1.6,0,11000.0,0.0
2021,4700.0,4.0,0,99900.0,0.0
1999,96680.0,1.8,1,12900.0,0.0
2017,53500.0,3.0,1,33999.0,0.0
2007,11025.0,7.0,0,47500.0,0.0
2021,44000.0,6.7,1,73000.0,0.0
2022,11000.0,2.0,0,27900.0,0.0
2012,103000.0,4.4,0,16000.0,0.0
2024,456.0,3.0,0,128995.0,0.0
2018,64000.0,4.6,0,37300.0,0.0
2017,108000.0,3.0,0,25999.0,0.0
2018,37045.0,2.0,1,26600.0,0.0
2015,65800.0,3.0,0,44950.0,0.0
2021,850.0,6.7,0,314900.0,0.0
2011,107818.0,2.5,1,11400.0,0.0
2016,79500.0,2.0,0,19000.0,0.0
2015,20000.0,3.9,1,124990.0,0.0
2018,37000.0,5.0,0,63997.0,0.0
2005,131800.0,5.3,1,5800.0,0.0
2008,146000.0,3.5,0,8995.0,0.0
2010,29000.0,3.7,0,29000.0,0.0
2004,141209.0,5.7,0,5700.0,0.0
2016,85253.0,3.5,0,19995.0,0.0
2015,87009.0,3.7,0,17800.0,0.0
2016,158000.0,3.5,0,19780.0,0.0
2020,10500.0,2.0,0,36000.0,0.0
2018,45843.0,3.0,0,37000.0,0.0
2021,15198.0,1.5,0,31621.0,1.0
2001,220000.0,2.8,0,5500.0,0.0
2017,58000.0,5.0,0,51500.0,0.0
2021,38012.0,5.7,0,45277.0,1.0
2018,50000.0,5.7,0,65000.0,0.0
2019,58000.0,2.0,0,38000.0,0.0
2018,61000.0,5.0,0,65000.0,0.0
2019,48500.0,3.0,1,43500.0,0.0
2018,65680.0,2.0,1,34900.0,0.0
2020,44362.0,5.7,0,50658.0,1.0
2021,8044.0,6.2,0,93000.0,0.0
2016,9738.0,4.0,0,85500.0,0.0
2009,112000.0,4.0,1,28000.0,0.0
2009,167300.0,2.4,0,6250.0,0.0
2022,115.0,6.7,0,449995.0,1.0
2015,71000.0,6.2,1,35999.0,0.0
2020,31015.0,2.0,0,36570.0,1.0
2022,33000.0,2.0,0,29999.0,0.0
2017,63000.0,,0,20000.0,0.0
2013,68325.0,2.4,0,11995.0,0.0
2021,34365.0,6.4,1,48000.0,0.0
2018,32000.0,2.0,0,44900.0,0.0
2020,22500.0,2.0,0,50000.0,0.0
2020,58700.0,3.5,1,48999.0,0.0
2006,264893.0,3.3,1,5000.0,0.0
2005,209500.0,4.7,0,8500.0,0.0
2023,195.0,3.5,0,87500.0,0.0
2016,120000.0,6.6,0,19500.0,0.0
2023,2950.0,3.0,0,87000.0,0.0
2021,17994.0,3.0,0,87500.0,1.0
2020,44101.0,5.7,0,45423.0,1.0
2021,25918.0,2.0,0,32000.0,0.0
2008,87000.0,3.0,0,15300.0,0.0
2018,28333.0,2.5,0,20500.0,0.0
2018,29294.0,3.0,0,39999.0,0.0
2008,37000.0,2.0,0,14995.0,0.0
2005,138000.0,2.5,0,9950.0,0.0
2020,44487.0,2.0,0,65000.0,0.0
2021,16878.0,2.0,0,38781.0,1.0
2021,53000.0,6.2,1,67100.0,0.0
2013,79341.0,4.4,0,16800.0,0.0
2007,220000.0,4.4,0,5750.0,0.0
2021,16900.0,2.0,0,43000.0,0.0
2007,75137.0,2.7,1,24999.0,0.0
2021,37594.0,3.5,0,62595.0,1.0
2012,6400.0,5.4,0,48000.0,0.0
2009,79893.0,3.7,0,15900.0,0.0
2014,124838.0,5.7,0,33000.0,0.0
2020,14353.0,5.6,0,63900.0,0.0
2022,22985.0,2.5,0,33500.0,0.0
2014,161894.0,5.6,0,18900.0,0.0
2008,25025.0,4.3,1,39000.0,0.0
2017,19650.0,3.5,0,69250.0,0.0
2020,29500.0,2.0,0,45000.0,0.0
2007,132272.0,4.0,1,6700.0,0.0
2012,122000.0,5.7,1,13500.0,0.0
2023,535.0,3.0,0,65990.0,0.0
2003,138202.0,3.2,1,22550.0,0.0
2004,69600.0,6.0,0,37900.0,0.0
2018,39900.0,5.0,0,53600.0,0.0
2021,36500.0,6.2,0,85000.0,0.0
2018,42650.0,2.0,0,31990.0,0.0
2020,68816.0,2.0,0,35297.0,1.0
2016,91188.0,4.0,0,29995.0,0.0
2015,116210.0,6.0,0,31900.0,0.0
2024,3880.0,2.5,0,52991.0,1.0
2017,67482.0,2.0,1,11499.0,0.0
2018,67726.0,6.2,0,52000.0,0.0
2008,207000.0,3.2,1,10500.0,0.0
2021,35550.0,2.5,1,25987.0,1.0
2016,44000.0,5.5,0,46599.0,0.0
2015,11249.0,4.7,0,54500.0,0.0
2014,111650.0,3.5,1,17500.0,0.0
2012,103272.0,3.0,0,15500.0,0.0
2023,1160.0,3.0,0,73600.0,0.0
2019,107714.0,5.7,0,34918.0,1.0
2013,111773.0,2.0,0,17000.0,0.0
2019,54002.0,3.6,1,22500.0,0.0
2016,87000.0,1.4,1,13000.0,0.0
2016,49700.0,2.3,0,31700.0,0.0
2017,34500.0,4.0,0,64600.0,0.0
2021,31729.0,1.5,1,29614.0,1.0
2021,7388.0,3.6,0,43663.0,1.0
2017,41550.0,2.0,0,20995.0,0.0
2013,20750.0,3.7,0,33000.0,0.0
2022,12000.0,3.3,0,41000.0,0.0
2021,14206.0,5.7,0,98000.0,0.0
2022,31700.0,3.6,0,43500.0,0.0
2022,13044.0,1.6,1,24999.0,0.0
2009,100730.0,2.7,0,6975.0,0.0
2023,5338.0,3.0,0,76500.0,0.0
2018,48291.0,4.4,0,67250.0,0.0
2001,111887.0,2.8,0,14000.0,0.0
2010,79000.0,6.6,0,69000.0,0.0
2016,125000.0,3.5,0,26500.0,0.0
2022,13777.0,2.0,1,39777.0,0.0
2022,14920.0,3.6,0,41741.0,1.0
2010,90050.0,3.2,0,5800.0,0.0
2014,45000.0,2.0,1,25000.0,0.0
1998,7666.0,5.7,0,39500.0,0.0
2006,89900.0,6.0,0,29994.0,0.0
2011,132000.0,3.7,1,10999.0,0.0
2010,32652.0,2.4,0,6500.0,0.0
2022,11164.0,3.6,0,37500.0,0.0
2020,22655.0,3.0,0,63999.0,0.0
2019,9500.0,4.0,0,135000.0,0.0
2021,10300.0,3.6,0,29900.0,0.0
2018,48000.0,4.4,0,54000.0,0.0
2007,138000.0,5.5,1,10000.0,0.0
2016,31500.0,4.0,0,67000.0,0.0
2022,10200.0,3.5,0,50500.0,0.0
2008,62378.0,4.3,1,33995.0,0.0
2006,84200.0,3.5,0,10200.0,0.0
2013,138700.0,5.7,1,18800.0,0.0
2021,41050.0,5.3,0,62900.0,0.0
2017,63000.0,4.0,1,42000.0,0.0
2005,257700.0,2.5,0,3550.0,0.0
2017,57000.0,3.5,1,29500.0,0.0
2017,89000.0,5.3,0,29999.0,0.0
2015,134500.0,5.3,0,28000.0,0.0
2022,398.0,6.7,0,695000.0,1.0
2022,20319.0,2.5,0,44249.0,0.0
1999,158000.0,3.8,1,2500.0,0.0
2023,1120.0,3.0,0,92900.0,0.0
2022,14950.0,2.0,1,24000.0,0.0
2021,18500.0,3.6,0,41950.0,0.0
2015,71290.0,3.0,1,21000.0,0.0
2022,15000.0,3.0,0,63000.0,0.0
2017,37900.0,2.0,0,22000.0,0.0
2019,32500.0,3.0,0,43500.0,0.0
2003,61491.0,2.0,1,28000.0,0.0
2015,83000.0,2.0,1,18999.0,0.0
2002,121800.0,2.8,0,4300.0,0.0
2023,1335.0,4.0,0,272950.0,1.0
2014,83315.0,2.0,0,15000.0,0.0
2015,101000.0,1.8,1,16500.0,0.0
2019,23900.0,2.0,0,35999.0,0.0
2020,67516.0,3.5,0,36994.0,1.0
2010,155000.0,3.7,0,8300.0,0.0
2018,18500.0,6.0,0,115000.0,0.0
2009,137600.0,1.6,0,6880.0,0.0
2005,125500.0,3.5,0,3950.0,0.0
2019,22039.0,4.0,0,113990.0,0.0
2011,137483.0,1.6,0,3200.0,0.0
2019,67500.0,3.5,0,40500.0,0.0
2020,52000.0,3.5,1,53722.0,0.0
2006,10000.0,6.2,0,259000.0,0.0
2017,195361.0,5.3,1,26000.0,0.0
2018,32500.0,6.0,1,103000.0,0.0
2019,14806.0,6.6,1,81330.0,0.0
2022,11000.0,2.5,1,48950.0,0.0
2011,92530.0,5.3,1,18500.0,0.0
2017,34845.0,3.6,1,30000.0,0.0
2018,16280.0,2.5,0,85500.0,0.0
2011,77000.0,2.9,0,32000.0,0.0
2010,63000.0,4.8,1,38500.0,0.0
2016,39700.0,3.5,0,25500.0,0.0
2013,103111.0,2.4,1,9200.0,0.0
2017,55000.0,3.0,0,34000.0,0.0
2005,114000.0,4.7,1,13450.0,0.0
2011,80124.0,5.5,0,17500.0,0.0
2023,7000.0,4.4,0,144900.0,0.0
2023,4285.0,5.7,0,65688.0,1.0
1996,95000.0,7.4,0,25000.0,0.0
2020,59355.0,,0,72995.0,1.0
2019,19300.0,3.0,0,36000.0,0.0
2009,155000.0,6.2,1,16900.0,0.0
2010,120010.0,2.4,1,6500.0,0.0
2012,152520.0,2.4,0,10900.0,0.0
1993,58981.0,,0,9599.0,0.0
2005,32000.0,4.2,1,2954083.0,0.0
2015,47000.0,4.8,0,50000.0,0.0
2023,2046.0,2.0,0,43499.0,0.0
2021,24965.0,1.2,1,22995.0,1.0
2005,108000.0,2.4,0,7850.0,0.0
2015,76000.0,3.5,0,18300.0,0.0
2014,30000.0,3.8,0,78500.0,0.0
2015,59271.0,3.0,0,29900.0,0.0
2017,52500.0,2.0,1,24950.0,0.0
2017,45000.0,1.4,1,22500.0,0.0
2002,179000.0,5.9,1,6500.0,0.0
2023,1500.0,3.0,0,84900.0,0.0
2007,135465.0,3.8,0,15750.0,0.0
2014,79000.0,1.6,0,17000.0,0.0
2012,42259.0,3.5,1,17000.0,0.0
2006,159890.0,3.3,1,6500.0,0.0
2023,2200.0,2.0,0,75000.0,0.0
2022,15833.0,3.5,0,52000.0,0.0
2013,96000.0,2.0,1,13500.0,0.0
2009,72900.0,3.0,0,15500.0,0.0
2023,3402.0,1.6,0,44000.0,0.0
2013,73000.0,2.5,0,13900.0,0.0
2016,73000.0,3.0,0,23999.0,0.0
2020,26870.0,2.0,1,34645.0,1.0
2004,184000.0,3.5,1,10500.0,0.0
2022,1300.0,6.4,0,48000.0,0.0
2018,49924.0,3.6,0,26500.0,0.0
2019,36526.0,6.2,0,57850.0,0.0
2015,37000.0,4.4,0,45950.0,0.0
2016,30000.0,1.8,1,19000.0,0.0
2021,11102.0,4.4,0,101000.0,0.0
2012,105500.0,5.0,0,19000.0,0.0
2014,80211.0,3.0,1,17995.0,0.0
2010,25991.0,4.7,0,69995.0,0.0
2008,73000.0,3.5,0,8400.0,0.0
2018,40989.0,3.0,0,35000.0,0.0
2010,102681.0,2.0,0,6000.0,0.0
2010,123000.0,3.7,1,13888.0,0.0
2005,160900.0,4.0,1,7200.0,0.0
2011,105000.0,4.0,1,21900.0,0.0
2023,1340.0,1.6,0,41000.0,0.0
2011,72277.0,4.0,0,34950.0,0.0
2023,7000.0,3.6,0,46000.0,0.0
2018,19600.0,3.0,1,62000.0,0.0
2015,99897.0,6.2,0,26950.0,0.0
2014,127500.0,4.7,0,29000.0,0.0
2021,23842.0,3.5,0,59203.0,1.0
2014,65550.0,4.4,0,39985.0,0.0
2017,22000.0,5.2,0,210000.0,0.0
2022,15600.0,2.7,1,68995.0,0.0
2021,22400.0,5.0,0,81900.0,0.0
2015,89150.0,4.6,0,31900.0,0.0
2018,49500.0,2.0,0,25000.0,0.0
2015,85385.0,2.0,0,15550.0,0.0
2023,3000.0,3.0,0,123999.0,0.0
2023,1075.0,2.4,0,35000.0,0.0
2021,25000.0,2.5,0,28500.0,0.0
2017,92000.0,5.6,0,20900.0,0.0
2008,123500.0,4.7,1,14500.0,0.0
2013,105000.0,3.6,1,12000.0,0.0
2008,49000.0,4.2,0,63000.0,0.0
2018,81000.0,4.3,0,32000.0,0.0
2021,45000.0,3.5,0,52000.0,0.0
2011,173456.0,5.7,1,16000.0,0.0
2019,93400.0,3.0,0,42500.0,0.0
2015,90000.0,3.5,0,18200.0,0.0
2017,40600.0,2.0,0,32000.0,0.0
2023,20121.0,3.5,0,47124.0,0.0
2020,3921.0,2.0,0,175000.0,1.0
2011,187450.0,3.5,1,10400.0,0.0
2021,6400.0,3.0,0,68000.0,0.0
2017,54500.0,3.0,0,37995.0,0.0
2017,78500.0,4.4,1,42000.0,0.0
2018,75000.0,5.3,0,36000.0,0.0
2014,89988.0,6.2,1,42500.0,0.0
2005,107000.0,3.0,0,7100.0,0.0
2019,21400.0,2.0,0,28500.0,0.0
2007,83150.0,2.3,0,6950.0,0.0
2018,92000.0,3.0,1,36500.0,0.0
2017,39000.0,3.0,1,35000.0,0.0
2017,67483.0,6.4,1,46500.0,0.0
2017,54300.0,4.0,0,53500.0,0.0
2022,30565.0,2.0,0,29000.0,0.0
2016,142666.0,4.0,1,22000.0,0.0
2009,166200.0,4.0,1,6999.0,0.0
2015,88977.0,3.5,1,19977.0,0.0
2011,114890.0,4.0,0,20990.0,0.0
2009,171000.0,3.5,1,4750.0,0.0
2014,97579.0,3.6,1,15000.0,0.0
2017,52000.0,2.0,1,20500.0,0.0
2016,41680.0,2.0,0,17495.0,0.0
2002,77200.0,2.0,0,7500.0,0.0
2019,50000.0,3.0,0,43000.0,0.0
2005,153000.0,2.7,1,6500.0,0.0
2004,56600.0,4.6,0,23000.0,0.0
2015,116612.0,3.8,1,12700.0,0.0
2018,72000.0,3.0,1,30000.0,0.0
2019,39000.0,3.0,0,50000.0,0.0
2008,149000.0,5.4,0,10099.0,0.0
2018,19300.0,3.0,0,64000.0,0.0
2021,27836.0,2.5,0,36969.0,1.0
2023,3273.0,6.2,0,78999.0,0.0
2017,74349.0,3.5,0,36000.0,0.0
2019,85000.0,6.7,1,55000.0,0.0
2022,2250.0,3.9,0,259500.0,0.0
2017,46100.0,3.0,1,33000.0,0.0
2019,49500.0,2.4,0,28000.0,0.0
2012,31130.0,3.5,0,23500.0,0.0
2008,149460.0,6.4,1,12240.0,0.0
2003,90000.0,4.6,1,15500.0,0.0
2021,48000.0,3.5,0,57000.0,0.0
2013,98000.0,3.5,1,15500.0,0.0
2006,60000.0,8.1,1,24950.0,0.0
2014,169500.0,5.3,0,15000.0,0.0
2008,189500.0,2.4,0,6000.0,0.0
2016,91000.0,5.7,0,68500.0,0.0
2004,229450.0,4.7,0,8250.0,0.0
2014,49098.0,4.2,1,44900.0,0.0
2010,62743.0,4.8,0,28600.0,0.0
2021,24300.0,3.0,0,49999.0,0.0
2010,104000.0,6.2,0,19500.0,0.0
2020,46250.0,2.0,1,27800.0,1.0
2023,1930.0,2.5,1,40655.0,1.0
2020,24040.0,2.0,0,35273.0,1.0
2001,231581.0,3.0,0,4300.0,0.0
2019,81000.0,3.5,0,38500.0,0.0
1974,6217.0,,0,115000.0,0.0
2020,78700.0,2.5,0,18000.0,0.0
2015,109580.0,2.4,1,11900.0,0.0
2009,178000.0,3.5,1,4500.0,0.0
2016,131193.0,2.4,0,11970.0,1.0
2017,106000.0,3.0,0,25900.0,0.0
2019,28211.0,2.0,1,27500.0,0.0
2016,88600.0,2.0,1,16800.0,0.0
2018,45090.0,2.0,1,30750.0,0.0
2003,33272.0,2.3,1,11900.0,0.0
2003,71000.0,2.4,0,12499.0,0.0
2012,141525.0,5.0,0,14490.0,0.0
2007,50000.0,4.2,1,21900.0,0.0
2020,29140.0,3.0,0,71995.0,0.0
2022,9000.0,3.0,0,56900.0,0.0
2013,36750.0,4.4,0,35999.0,0.0
2007,49626.0,3.0,0,12000.0,0.0
2017,45000.0,2.4,1,16500.0,0.0
2019,69350.0,3.5,0,36000.0,0.0
2023,4106.0,3.0,0,84645.0,0.0
1999,184700.0,3.2,0,36950.0,0.0
2018,57500.0,3.0,0,41900.0,0.0
2021,29000.0,2.0,0,39650.0,0.0
2015,61675.0,2.0,1,19000.0,0.0
2021,33300.0,3.0,0,45000.0,0.0
2014,62950.0,3.6,1,17498.0,0.0
2015,56675.0,3.6,0,19750.0,0.0
2013,92000.0,4.8,0,23000.0,0.0
2005,96000.0,5.7,1,12000.0,0.0
2014,33500.0,3.7,0,23000.0,0.0
2020,16754.0,5.0,0,112000.0,0.0
2007,53249.0,2.4,1,9250.0,0.0
2016,119000.0,3.6,0,12500.0,0.0
2017,86000.0,6.7,1,41000.0,0.0
2014,177000.0,6.7,1,40500.0,0.0
2013,93500.0,4.6,1,15900.0,0.0
2018,47700.0,4.4,1,54999.0,0.0
2005,147589.0,4.2,1,2800.0,0.0
2013,95570.0,6.2,1,22000.0,0.0
2018,45791.0,4.0,0,52000.0,0.0
2016,60000.0,5.6,1,25950.0,0.0
2019,50000.0,1.4,0,18795.0,0.0
2010,107000.0,3.7,0,5900.0,0.0
2011,60000.0,5.5,1,37000.0,0.0
2016,55000.0,3.0,0,28000.0,0.0
2022,4004.0,2.5,0,25500.0,0.0
2022,10972.0,4.0,0,217950.0,1.0
2022,27858.0,4.0,0,197750.0,1.0
2016,47144.0,2.0,0,29950.0,0.0
2011,165454.0,3.8,1,4000.0,0.0
2018,98000.0,3.5,1,25500.0,0.0
2013,147191.0,3.7,1,12990.0,0.0
2014,53600.0,3.0,0,25980.0,0.0
2010,100100.0,,0,17000.0,0.0
2020,1750.0,4.0,0,199995.0,0.0
2020,2750.0,6.2,0,104500.0,0.0
2013,40800.0,2.7,0,35500.0,0.0
2018,36798.0,2.0,1,49500.0,1.0
2010,87500.0,4.6,1,14900.0,0.0
2020,93000.0,5.3,0,38500.0,0.0
2018,41515.0,2.0,0,28251.0,1.0
2023,1539.0,3.4,1,76373.0,1.0
2018,31090.0,4.4,1,68000.0,0.0
2015,73000.0,3.0,0,34000.0,0.0
2020,23600.0,3.8,0,31900.0,0.0
2016,8755.0,6.6,0,166900.0,0.0
2019,20500.0,4.4,0,67900.0,0.0
2013,57912.0,3.7,1,18750.0,0.0
2009,35000.0,4.8,0,18500.0,0.0
2022,13750.0,3.5,0,79999.0,0.0
2015,13300.0,4.7,0,62500.0,0.0
2017,117000.0,6.0,0,27000.0,0.0
2020,27100.0,3.0,0,50000.0,0.0
2017,89352.0,2.3,1,20989.0,0.0
2018,100000.0,1.4,1,8500.0,0.0
2020,16000.0,3.0,0,75500.0,0.0
2023,15200.0,2.0,0,62999.0,0.0
2012,39960.0,4.4,0,38995.0,0.0
2008,119000.0,4.0,1,13500.0,0.0
2014,118500.0,2.0,1,11500.0,0.0
2021,8288.0,3.3,0,45899.0,0.0
2023,2950.0,6.2,0,74500.0,0.0
2017,73000.0,5.5,1,78000.0,0.0
2005,82000.0,3.9,0,14900.0,0.0
2017,49105.0,6.2,0,39750.0,0.0
2023,5500.0,3.8,0,40000.0,0.0
2005,36700.0,6.0,0,26000.0,0.0
2014,40000.0,4.4,0,34000.0,0.0
2015,74864.0,3.6,0,19780.0,0.0
2021,15350.0,6.2,0,93500.0,0.0
2010,46100.0,3.8,0,72999.0,0.0
2018,61454.0,3.5,0,31000.0,0.0
2020,45241.0,3.0,0,54500.0,0.0
2018,48000.0,3.5,0,27000.0,0.0
2010,68500.0,2.5,0,18500.0,0.0
2005,122961.0,6.0,0,20995.0,1.0
2014,92861.0,5.7,0,19750.0,0.0
2016,72000.0,5.0,0,21400.0,0.0
2019,6929.0,6.5,0,649999.0,0.0
2003,83000.0,4.6,0,10500.0,0.0
2023,8200.0,3.4,0,78900.0,0.0
2015,32000.0,4.7,0,36000.0,0.0
2013,61145.0,4.4,1,37500.0,0.0
2011,152000.0,3.5,0,14000.0,0.0
2012,129567.0,2.0,0,7000.0,0.0
2019,36000.0,3.0,1,41995.0,0.0
2009,92008.0,3.0,0,12500.0,0.0
1998,63900.0,3.8,0,10300.0,0.0
2012,150900.0,5.7,0,17500.0,0.0
2019,43000.0,,0,50000.0,0.0
2021,14750.0,3.0,0,61059.0,0.0
2015,52500.0,2.0,0,23000.0,0.0
2017,207571.0,5.3,1,21000.0,0.0
2020,39000.0,3.5,0,29900.0,0.0
2017,93500.0,3.5,0,16000.0,0.0
2018,7200.0,3.0,0,64000.0,0.0
2023,8421.0,3.0,0,90000.0,0.0
2011,41314.0,5.5,1,30999.0,0.0
2020,49899.0,5.0,1,64500.0,0.0
2012,186268.0,3.0,0,4500.0,0.0
2016,51335.0,3.5,1,25995.0,0.0
2019,10400.0,2.5,0,99750.0,0.0
2022,19376.0,5.7,0,45861.0,1.0
2006,77000.0,2.0,0,57000.0,0.0
2013,40000.0,3.5,0,24000.0,0.0
2012,113000.0,3.0,0,10000.0,0.0
2022,7600.0,6.2,1,46000.0,0.0
2022,20400.0,2.5,0,29900.0,0.0
2019,115000.0,3.5,0,39000.0,0.0
2012,239000.0,3.5,0,7000.0,0.0
2017,48900.0,2.5,0,62500.0,0.0
2014,21800.0,5.2,0,117000.0,0.0
2016,68200.0,3.7,1,16750.0,0.0
2001,139000.0,4.3,0,7000.0,0.0
2021,76100.0,4.0,0,130000.0,0.0
2019,41906.0,4.4,1,45999.0,0.0
2016,164000.0,6.2,0,21500.0,0.0
2013,161933.0,2.0,0,7945.0,1.0
2020,46891.0,2.0,1,31000.0,0.0
2019,72000.0,5.3,1,39000.0,0.0
2020,3400.0,4.0,0,129900.0,0.0
2021,18000.0,3.6,1,30000.0,0.0
2023,9978.0,6.2,0,93999.0,0.0
2018,18500.0,5.2,1,77999.0,0.0
2021,72843.0,6.2,0,79990.0,1.0
2017,67500.0,3.6,0,20000.0,0.0
2017,36900.0,2.0,0,28500.0,0.0
2022,13000.0,3.0,0,69000.0,0.0
2023,11700.0,3.0,0,133500.0,0.0
2015,77500.0,6.6,0,54000.0,0.0
2007,82000.0,4.2,1,7999.0,0.0
2017,1389.0,8.4,0,489995.0,0.0
2016,83100.0,,0,17800.0,0.0
2019,62660.0,2.4,0,16500.0,0.0
2018,56006.0,5.0,0,59000.0,0.0
2004,27600.0,4.6,0,14900.0,0.0
2012,47245.0,2.4,0,19600.0,0.0
2017,73948.0,3.5,0,31990.0,0.0
2019,36757.0,3.6,0,31953.0,1.0
2023,1900.0,2.5,0,78900.0,0.0
2014,52060.0,3.8,1,15000.0,0.0
2008,58000.0,3.4,0,41500.0,0.0
2010,52246.0,6.4,0,26095.0,0.0
2009,37500.0,3.7,0,21500.0,0.0
2023,2121.0,2.0,0,40750.0,0.0
2013,57000.0,5.0,0,26000.0,0.0
2020,22000.0,4.0,0,69500.0,0.0
2023,2000.0,2.7,0,66500.0,0.0
2018,61802.0,3.6,0,32000.0,0.0
2010,73000.0,,0,17500.0,0.0
2013,110000.0,,0,7500.0,0.0
2013,106700.0,3.6,0,13500.0,0.0
2013,75965.0,4.2,1,35999.0,0.0
2022,31804.0,3.6,1,48995.0,1.0
1992,125800.0,,0,11500.0,0.0
2005,116320.0,3.2,1,6000.0,0.0
2011,156875.0,4.2,1,9900.0,0.0
2020,35200.0,2.0,0,28500.0,0.0
2014,76000.0,3.0,0,19000.0,0.0
2019,29000.0,2.0,0,34500.0,0.0
2019,33499.0,4.4,1,44495.0,0.0
2015,76296.0,2.4,1,9500.0,0.0
2011,109902.0,1.8,0,4500.0,0.0
2019,23083.0,2.0,0,33500.0,0.0
2003,143600.0,1.8,0,4199.0,0.0
2021,22000.0,5.7,0,54800.0,0.0
2022,13000.0,3.0,0,81500.0,0.0
2018,53000.0,2.0,1,28000.0,0.0
2019,44741.0,3.5,0,52999.0,0.0
2008,202000.0,3.2,1,5700.0,0.0
2006,215000.0,6.0,1,6995.0,0.0
2011,177702.0,2.5,1,7700.0,0.0
2018,58350.0,2.0,0,29497.0,0.0
2010,86170.0,3.6,1,17000.0,0.0
2012,36568.0,2.0,1,20199.0,0.0
2015,54357.0,1.6,0,16250.0,0.0
2010,64800.0,2.9,1,20900.0,0.0
2016,117780.0,4.0,0,27750.0,0.0
2016,86202.0,2.0,0,18750.0,0.0
2012,163000.0,5.4,0,19550.0,0.0
2004,35400.0,5.0,0,24900.0,0.0
2018,31000.0,2.4,0,22000.0,0.0
2021,22480.0,4.0,0,135800.0,0.0
2010,41500.0,5.0,1,44800.0,0.0
2010,91545.0,3.0,0,13000.0,0.0
2022,4100.0,4.0,0,162500.0,0.0
2006,110000.0,4.6,0,5000.0,0.0
2016,88000.0,2.7,0,18500.0,0.0
2018,42833.0,5.6,0,37000.0,0.0
1993,106983.0,,0,15300.0,0.0
2015,60100.0,3.0,0,24995.0,0.0
2022,17381.0,5.7,0,69685.0,1.0
2013,63172.0,2.5,1,12995.0,0.0
2010,72000.0,2.0,1,10900.0,0.0
2018,51000.0,5.7,0,38000.0,0.0
2013,54500.0,3.6,0,35000.0,0.0
2006,61840.0,4.2,0,16500.0,0.0
2002,300000.0,6.6,1,5000.0,0.0
2011,103400.0,4.0,1,17000.0,0.0
2016,719.0,4.0,0,489000.0,0.0
2016,107000.0,5.0,1,22000.0,0.0
2010,13850.0,3.8,0,71400.0,0.0
2020,64200.0,1.5,1,20499.0,0.0
2006,31075.0,3.4,0,36250.0,1.0
2020,35400.0,4.4,0,71950.0,0.0
2004,74030.0,4.2,0,16000.0,0.0
2023,5182.0,2.0,0,32500.0,0.0
2019,31681.0,3.6,1,33500.0,0.0
2015,30300.0,3.0,1,29000.0,0.0
2016,112000.0,3.6,1,14599.0,0.0
2014,127356.0,3.7,1,19990.0,0.0
2017,50600.0,3.6,1,28890.0,0.0
2011,194000.0,5.3,0,9950.0,0.0
2021,33455.0,5.7,0,44750.0,0.0
2022,43000.0,2.0,0,35750.0,0.0
2016,46102.0,4.7,0,35300.0,0.0
2019,59000.0,3.6,0,21000.0,0.0
2004,134000.0,4.2,1,9500.0,0.0
2020,3715.0,6.2,0,150000.0,0.0
2012,100245.0,3.0,1,24000.0,0.0
2003,141800.0,4.7,1,5700.0,0.0
2012,77000.0,2.0,0,13800.0,0.0
2018,67035.0,2.0,1,31500.0,0.0
2012,61450.0,3.0,0,19500.0,0.0
2015,39500.0,4.8,0,52590.0,0.0
2020,6600.0,4.0,0,128900.0,0.0
2023,2300.0,6.2,0,51500.0,0.0
2018,18000.0,4.7,0,67000.0,0.0
2012,148000.0,5.3,0,18000.0,0.0
2018,41000.0,4.4,0,60200.0,0.0
2009,127600.0,5.6,0,19500.0,0.0
2005,138450.0,8.3,1,19000.0,0.0
2013,230000.0,5.3,0,15500.0,0.0
2017,53649.0,3.5,0,33000.0,0.0
2012,174000.0,4.6,1,11999.0,0.0
2022,49860.0,5.6,1,47645.0,1.0
2021,13650.0,4.0,0,75000.0,0.0
2016,134000.0,2.0,1,13500.0,0.0
2014,78000.0,3.4,0,68000.0,0.0
2005,65750.0,3.2,0,21750.0,0.0
2021,18000.0,4.4,0,94000.0,0.0
2007,121630.0,4.0,0,9450.0,0.0
2016,120000.0,2.0,0,16000.0,0.0
2016,168600.0,6.2,0,29500.0,0.0
2004,43705.0,5.7,0,25900.0,0.0
2013,111000.0,2.0,0,11500.0,0.0
2012,64549.0,2.0,0,17000.0,0.0
2007,53000.0,3.8,0,6500.0,0.0
2017,13465.0,6.2,0,44900.0,0.0
2015,74000.0,3.0,0,40000.0,0.0
2011,100331.0,2.4,1,6900.0,0.0
2022,24850.0,3.0,0,53568.0,0.0
2015,115000.0,3.5,0,11995.0,0.0
2015,72000.0,4.4,1,26500.0,0.0
2008,162000.0,2.3,1,6500.0,0.0
2017,47589.0,5.3,0,45500.0,0.0
2018,10339.0,3.6,0,36990.0,0.0
2021,32092.0,3.6,0,35113.0,1.0
2016,138000.0,1.6,0,10990.0,0.0
2003,87500.0,5.3,0,16999.0,0.0
2013,34920.0,4.7,0,38900.0,0.0
2018,25000.0,3.0,0,52000.0,0.0
2015,162000.0,2.5,0,13999.0,0.0
1996,119500.0,5.7,1,16999.0,0.0
2017,101800.0,5.0,0,36500.0,0.0
2021,84351.0,3.5,0,42691.0,1.0
2020,40000.0,4.0,0,112500.0,0.0
2019,30000.0,2.0,1,29000.0,0.0
2007,78980.0,3.5,1,10600.0,0.0
2023,5409.0,3.0,0,88950.0,1.0
2020,12700.0,6.2,1,69900.0,0.0
2019,12000.0,3.0,0,48000.0,0.0
2016,25717.0,5.0,0,33900.0,0.0
2011,69700.0,2.0,1,23000.0,0.0
2020,25013.0,3.0,0,55000.0,0.0
2016,57939.0,3.0,0,27500.0,0.0
2018,52694.0,3.0,0,49999.0,0.0
2015,54000.0,4.7,0,37000.0,0.0
2002,110500.0,2.0,0,27000.0,0.0
2000,97500.0,5.7,0,10000.0,0.0
2020,20909.0,3.6,0,35387.0,1.0
2013,77648.0,5.5,0,40000.0,0.0
2013,79422.0,6.0,0,64000.0,0.0
2002,53850.0,8.1,1,16900.0,0.0
2020,21832.0,3.0,0,42000.0,0.0
2017,41932.0,1.8,0,18700.0,0.0
2017,110000.0,5.3,1,34999.0,0.0
2020,67400.0,5.7,0,47500.0,0.0
2017,62662.0,2.0,1,24000.0,0.0
2015,102000.0,2.0,1,18000.0,0.0
2014,79785.0,3.7,1,16488.0,0.0
2017,166549.0,5.3,1,24950.0,0.0
2006,190656.0,4.7,1,8900.0,0.0
2016,7928.0,,0,37500.0,0.0
2009,135606.0,4.8,0,15000.0,0.0
2023,14700.0,3.8,0,39900.0,0.0
2019,12985.0,4.0,1,96000.0,0.0
2014,4200.0,3.0,0,64995.0,0.0
2017,44000.0,2.0,0,23500.0,0.0
2015,66000.0,2.0,0,12000.0,0.0
2013,106700.0,3.7,0,17500.0,0.0
2020,120000.0,6.2,0,55000.0,0.0
2012,59600.0,3.5,0,19900.0,0.0
2012,117220.0,2.4,0,8900.0,0.0
2022,85200.0,6.6,0,67500.0,0.0
2018,63450.0,2.0,0,24325.0,0.0
2004,73000.0,8.3,0,22500.0,0.0
2014,115000.0,2.5,0,11495.0,0.0
2016,56000.0,5.0,0,49900.0,0.0
2015,179200.0,5.3,1,16000.0,0.0
2015,28000.0,4.7,0,44999.0,0.0
2003,155000.0,3.6,0,55000.0,0.0
2012,154000.0,2.4,1,8500.0,0.0
2012,62500.0,3.0,1,18955.0,0.0
2000,177700.0,2.5,0,2500.0,0.0
1995,120000.0,,1,6500.0,0.0
2012,65000.0,3.7,0,21500.0,0.0
2021,3000.0,5.0,0,49500.0,0.0
2012,119000.0,2.0,0,12000.0,0.0
2013,198868.0,6.7,0,25000.0,0.0
2011,188000.0,3.7,1,8500.0,0.0
2013,157405.0,3.5,0,10750.0,0.0
2016,8228.0,6.2,0,62500.0,0.0
2018,73101.0,3.0,0,42950.0,0.0
2018,10950.0,3.0,0,60995.0,0.0
2018,63160.0,4.0,1,47000.0,0.0
2009,75000.0,6.0,0,18900.0,0.0
2016,98000.0,4.0,1,36000.0,0.0
2012,33576.0,2.0,0,18900.0,0.0
2012,123200.0,3.6,1,12449.0,0.0
2013,112000.0,3.0,0,8800.0,0.0
2010,68000.0,6.2,1,19500.0,0.0
2012,120000.0,3.7,1,14500.0,0.0
2019,45000.0,4.4,1,46999.0,0.0
2022,6700.0,6.2,0,39500.0,0.0
2015,40900.0,5.5,0,59750.0,0.0
2018,74150.0,6.2,0,45000.0,0.0
2014,94448.0,2.5,0,15999.0,0.0
2015,108000.0,3.0,0,19998.0,0.0
2012,118000.0,4.4,1,17000.0,0.0
2020,38800.0,5.0,0,57500.0,0.0
2017,55000.0,3.0,0,40000.0,0.0
2021,34967.0,3.0,1,49999.0,0.0
2016,85325.0,3.6,0,30000.0,0.0
2018,63750.0,6.4,0,36000.0,0.0
2016,87248.0,3.7,0,19999.0,0.0
1997,206000.0,2.8,1,15900.0,0.0
2011,112854.0,4.7,0,11999.0,0.0
2022,14100.0,2.0,0,53000.0,0.0
2023,14360.0,3.0,0,85495.0,0.0
2023,10000.0,1.3,0,32000.0,0.0
2015,217500.0,5.3,0,20000.0,0.0
2021,73846.0,5.3,0,60995.0,1.0
2020,40000.0,3.6,0,45000.0,0.0
2023,9980.0,5.3,0,82000.0,0.0
2019,41997.0,2.5,0,24995.0,0.0
2021,2000.0,2.0,0,39000.0,0.0
2016,42750.0,2.0,1,22999.0,0.0
2019,35340.0,2.0,0,23000.0,0.0
2008,93000.0,3.5,1,12000.0,0.0
2014,66150.0,4.0,1,47995.0,0.0
2022,19352.0,2.0,0,54599.0,0.0
2020,81000.0,5.0,0,64800.0,0.0
2011,183000.0,5.7,0,16000.0,0.0
2004,44000.0,4.0,1,24999.0,0.0
2021,18100.0,3.0,0,51800.0,0.0
2011,40000.0,5.0,1,20000.0,0.0
2011,120000.0,3.0,0,31999.0,0.0
2023,325.0,3.4,0,84997.0,0.0
2017,55000.0,3.0,0,39100.0,0.0
1996,233000.0,,0,7500.0,0.0
2021,6987.0,6.5,0,749950.0,0.0
2019,48500.0,5.0,1,44999.0,0.0
2018,52000.0,6.7,0,50000.0,0.0
2007,179000.0,4.0,1,17900.0,0.0
2019,42626.0,6.4,0,42000.0,0.0
2018,65900.0,4.6,1,34700.0,0.0
2021,16949.0,2.4,0,24995.0,1.0
2022,7968.0,4.0,0,104999.0,0.0
2018,61000.0,3.0,0,57500.0,0.0
2022,13700.0,2.5,0,39500.0,0.0
2005,155000.0,3.5,1,7995.0,0.0
2017,56000.0,4.7,0,35750.0,0.0
2022,44459.0,1.8,0,22945.0,0.0
2017,31000.0,2.0,1,38000.0,0.0
2012,44000.0,3.5,1,22222.0,0.0
2018,22558.0,3.0,0,47645.0,1.0
2003,116157.0,4.0,0,14250.0,0.0
2018,23500.0,3.5,1,50000.0,0.0
2008,28150.0,6.2,0,31000.0,0.0
2016,137500.0,6.2,1,29500.0,0.0
2021,2284.0,2.0,0,157500.0,1.0
2023,350.0,4.4,0,195000.0,0.0
2017,169000.0,3.5,0,13000.0,0.0
2010,8949.0,6.2,0,30000.0,0.0
2016,103000.0,3.0,0,33999.0,0.0
2003,87600.0,3.6,1,32000.0,0.0
2022,1087.0,3.0,0,279000.0,1.0
2015,76753.0,2.0,1,15999.0,0.0
2019,10500.0,2.0,0,79500.0,0.0
2011,199000.0,3.5,0,9250.0,0.0
2007,127980.0,4.6,0,9999.0,0.0
2023,16307.0,3.0,0,71400.0,0.0
2019,41452.0,2.0,1,22500.0,0.0
2019,57500.0,3.3,0,32990.0,0.0
2020,500.0,3.0,0,70000.0,0.0
2014,55000.0,2.5,0,30000.0,0.0
2021,8210.0,6.6,0,55000.0,0.0
2013,39748.0,3.0,1,54995.0,0.0
1998,160000.0,4.7,1,12490.0,0.0
2013,65000.0,2.7,0,20500.0,0.0
2016,59000.0,2.0,0,25000.0,0.0
2022,22700.0,2.0,0,47000.0,0.0
2018,56578.0,2.0,0,20900.0,0.0
2010,153332.0,4.6,1,10000.0,0.0
2013,89700.0,3.6,0,17999.0,0.0
2002,118600.0,4.6,1,5230.0,0.0
2021,23400.0,6.2,0,52000.0,0.0
2015,110000.0,3.0,0,29000.0,0.0
2008,87888.0,4.2,0,11990.0,0.0
2015,78124.0,2.0,0,21500.0,0.0
2015,91000.0,2.0,1,19000.0,0.0
2003,114000.0,5.7,1,10700.0,0.0
2015,76000.0,2.0,0,21000.0,0.0
2008,146500.0,4.2,1,30000.0,0.0
2007,26021.0,3.6,0,53999.0,0.0
2015,73000.0,2.0,1,17200.0,0.0
2009,153000.0,3.2,0,8700.0,0.0
2003,67550.0,6.0,0,30000.0,0.0
2004,170000.0,6.8,0,8500.0,0.0
2017,53000.0,5.0,0,47500.0,0.0
2019,54900.0,3.0,1,48500.0,0.0
2016,89000.0,3.0,0,24000.0,0.0
2022,6200.0,2.3,0,49000.0,0.0
2021,51808.0,5.0,0,42388.0,1.0
2013,89000.0,3.8,1,12500.0,0.0
1999,86111.0,2.2,1,3500.0,0.0
2018,45203.0,3.0,0,39853.0,1.0
2017,139105.0,3.6,1,17550.0,1.0
2010,45014.0,5.2,0,109499.0,0.0
2011,101000.0,5.0,0,18500.0,0.0
2016,93000.0,5.3,1,30000.0,0.0
2013,62500.0,3.7,0,16000.0,0.0
2008,75000.0,5.0,1,29000.0,0.0
2015,34455.0,3.0,0,28000.0,0.0
2010,130000.0,5.0,0,15500.0,0.0
2014,76170.0,2.0,1,16500.0,0.0
2010,194500.0,5.3,1,9500.0,0.0
2008,135000.0,3.0,0,5699.0,0.0
2021,33000.0,3.6,1,26999.0,0.0
2010,98700.0,3.8,0,10340.0,0.0
2018,72900.0,2.0,1,35500.0,0.0
2016,135000.0,5.7,0,20000.0,0.0
2022,2550.0,5.3,0,60000.0,0.0
2005,24847.0,3.2,0,13046.0,1.0
2019,29558.0,2.5,0,25884.0,1.0
2020,22000.0,3.0,0,83999.0,0.0
2017,68200.0,2.4,1,15750.0,0.0
2023,2800.0,4.4,0,175000.0,0.0
2019,51300.0,3.5,0,48295.0,1.0
2008,133500.0,4.0,0,18500.0,0.0
2012,49000.0,3.7,0,19900.0,0.0
2008,125470.0,4.8,0,8000.0,0.0
2008,81219.0,1.3,0,8500.0,0.0
1999,72000.0,2.5,0,12250.0,0.0
2019,19500.0,2.4,0,25000.0,0.0
2017,20561.0,3.0,0,105000.0,0.0
2016,33655.0,5.7,0,62900.0,0.0
2015,135140.0,3.5,0,23500.0,0.0
2015,73000.0,3.0,0,17999.0,0.0
2017,55000.0,3.0,1,58000.0,0.0
2013,87000.0,1.4,1,10000.0,0.0
2006,137825.0,3.0,0,4000.0,0.0
2008,184421.0,3.7,0,5000.0,0.0
2015,95000.0,2.0,1,14900.0,0.0
2022,26468.0,2.4,1,27875.0,1.0
2003,55050.0,6.75,0,34995.0,0.0
2021,54200.0,2.5,0,23800.0,0.0
2002,109762.0,4.3,0,15000.0,0.0
2012,92080.0,2.0,0,14500.0,0.0
2023,1798.0,3.0,0,53000.0,0.0
2006,167500.0,5.3,0,14500.0,0.0
2023,2500.0,6.2,0,84000.0,0.0
2016,77000.0,3.0,1,24000.0,0.0
2019,19850.0,1.5,0,24000.0,0.0
2023,3400.0,2.3,0,57000.0,0.0
2009,130200.0,6.4,0,28900.0,0.0
2017,48200.0,2.0,0,24998.0,0.0
2016,183544.0,5.3,1,22000.0,0.0
2016,14900.0,2.3,0,39000.0,0.0
2022,4200.0,2.7,0,65994.0,0.0
2012,15698.0,5.0,0,19000.0,0.0
2022,1750.0,3.6,0,65500.0,0.0
2022,34800.0,2.0,0,46000.0,0.0
2003,9260.0,1.8,0,22000.0,0.0
2023,28500.0,5.3,0,67800.0,0.0
2008,91900.0,3.5,0,8900.0,0.0
2004,130000.0,3.5,0,7500.0,0.0
2013,56860.0,3.6,1,21995.0,1.0
2017,44300.0,2.0,0,20784.0,0.0
2013,72500.0,4.6,0,31450.0,0.0
2017,72000.0,5.7,1,24200.0,0.0
2011,132000.0,3.0,0,11000.0,0.0
2018,7585.0,6.8,0,599000.0,1.0
2002,42000.0,4.3,1,15999.0,0.0
2006,106000.0,5.0,0,19500.0,0.0
2023,8911.0,3.5,1,77430.0,1.0
2021,11250.0,6.2,0,70250.0,0.0
2007,126000.0,4.0,0,9000.0,0.0
2008,77750.0,5.0,0,21000.0,0.0
2020,27363.0,3.5,0,35000.0,0.0
2019,30951.0,3.0,0,80140.0,1.0
2018,45253.0,2.0,0,24995.0,0.0
2016,144000.0,3.6,0,18400.0,0.0
2004,76163.0,6.0,0,20500.0,0.0
2017,35698.0,1.2,0,8750.0,0.0
2010,27000.0,3.5,0,22500.0,0.0
2015,162000.0,2.0,0,11500.0,0.0
2008,77800.0,4.0,0,28500.0,0.0
2014,55000.0,3.5,0,19250.0,0.0
2022,12000.0,2.7,1,65999.0,0.0
2010,107000.0,3.8,1,17500.0,0.0
2008,193783.0,3.2,1,10000.0,0.0
2014,123000.0,3.5,1,18000.0,0.0
2011,130000.0,3.0,1,7000.0,0.0
2009,143346.0,2.0,1,3000.0,0.0
2015,112465.0,2.0,0,11995.0,0.0
2012,137273.0,2.0,0,11000.0,0.0
2018,70780.0,3.5,0,35700.0,0.0
2018,55000.0,5.3,0,37900.0,0.0
2017,23151.0,4.0,0,84500.0,0.0
2013,152000.0,3.6,1,8500.0,0.0
2016,87092.0,3.6,1,19500.0,0.0
2004,90625.0,3.0,0,5500.0,0.0
2021,44373.0,3.6,0,36000.0,0.0
2021,26000.0,2.0,0,37000.0,0.0
2019,58000.0,6.0,0,36500.0,0.0
2013,148000.0,2.5,1,10000.0,0.0
2011,104000.0,3.6,0,20900.0,0.0
2013,46150.0,3.0,1,17000.0,0.0
2022,18860.0,6.6,0,74500.0,0.0
2017,28399.0,4.0,0,55600.0,0.0
1998,136500.0,4.0,0,6999.0,0.0
2005,95170.0,3.2,0,24900.0,0.0
2006,95450.0,3.2,1,42000.0,0.0
2011,169000.0,3.0,1,10999.0,0.0
2020,1025.0,2.0,0,299000.0,1.0
2004,152000.0,4.3,1,7999.0,0.0
2020,46000.0,3.0,0,54999.0,0.0
2022,8000.0,3.0,0,85000.0,0.0
2016,84421.0,6.0,0,36800.0,0.0
2022,4760.0,4.0,0,229000.0,1.0
2022,11700.0,2.5,0,33000.0,0.0
2019,2800.0,5.2,0,91000.0,0.0
2010,58000.0,1.6,0,8000.0,0.0
2009,142500.0,1.5,0,6999.0,0.0
2007,191900.0,6.2,1,9750.0,0.0
2016,63398.0,2.0,1,19500.0,0.0
2008,162750.0,5.3,1,7200.0,0.0
2012,38383.0,5.0,0,36949.0,0.0
2011,90818.0,2.0,1,8300.0,0.0
2018,32000.0,2.0,0,22999.0,0.0
2019,94650.0,3.7,0,37000.0,0.0
2014,49899.0,5.5,0,72999.0,0.0
2011,55000.0,3.8,1,35000.0,0.0
2015,23700.0,3.0,0,42800.0,0.0
2020,12118.0,3.0,0,52900.0,0.0
2001,64000.0,5.7,0,21000.0,0.0
2022,22169.0,3.5,0,57352.0,1.0
2020,1575.0,6.5,0,469900.0,0.0
2022,3369.0,3.0,0,139500.0,0.0
2011,135000.0,3.0,0,9999.0,0.0
2015,125000.0,2.0,0,15000.0,0.0
2017,134000.0,6.2,0,32999.0,0.0
2014,143250.0,3.0,0,12999.0,0.0
2017,82975.0,4.6,0,31000.0,0.0
2016,91700.0,1.6,0,13999.0,0.0
2018,72393.0,2.7,0,35000.0,0.0
2016,71000.0,3.5,0,21500.0,0.0
2012,160900.0,3.5,0,15000.0,0.0
2020,40208.0,6.4,1,38000.0,0.0
2017,77300.0,3.5,0,30000.0,0.0
2017,16700.0,2.0,0,26500.0,0.0
2013,112000.0,2.0,0,9999.0,0.0
2016,55250.0,3.0,0,49999.0,0.0
2020,69000.0,5.6,0,31450.0,0.0
2023,1560.0,,0,599995.0,0.0
2016,40570.0,5.0,1,30490.0,0.0
2020,46500.0,2.5,0,35200.0,0.0
2000,26900.0,2.0,0,35000.0,0.0
2023,12000.0,2.3,0,54000.0,0.0
2022,30301.0,3.5,0,68420.0,1.0
2023,600.0,3.4,0,91995.0,0.0
2001,22300.0,3.5,0,28500.0,0.0
2004,171750.0,5.3,1,12998.0,0.0
2013,76500.0,2.0,0,28000.0,0.0
2018,49000.0,3.0,1,42995.0,0.0
2011,75000.0,5.2,1,74000.0,0.0
2007,133300.0,2.3,0,3000.0,0.0
2007,99700.0,3.0,0,8500.0,0.0
2011,126700.0,3.6,1,14000.0,0.0
2016,28000.0,3.0,0,36995.0,0.0
2012,21300.0,5.5,1,38500.0,0.0
2019,92000.0,6.2,0,51900.0,0.0
2015,25756.0,5.0,0,49995.0,0.0
2021,24534.0,2.0,0,21900.0,0.0
2018,58100.0,5.0,0,53499.0,0.0
2017,20220.0,5.6,0,32324.0,0.0
2019,40069.0,2.0,1,27500.0,0.0
2017,60930.0,2.0,0,23750.0,0.0
2019,7300.0,2.0,0,27900.0,0.0
2018,34000.0,,1,25000.0,0.0
2012,56000.0,5.3,1,18000.0,0.0
2014,136000.0,2.0,1,12000.0,0.0
2020,31100.0,2.0,0,26999.0,0.0
2012,12100.0,4.7,0,37900.0,0.0
2021,51902.0,3.5,0,57480.0,1.0
2007,93000.0,4.2,1,10995.0,0.0
2016,99915.0,3.0,1,26500.0,0.0
2007,177000.0,5.3,1,10750.0,0.0
2008,100900.0,4.0,0,6999.0,0.0
2017,107380.0,3.0,1,17500.0,0.0
2016,45000.0,2.4,0,16500.0,0.0
2013,67000.0,4.0,0,15500.0,0.0
2021,12600.0,6.2,0,47000.0,0.0
2018,24882.0,3.0,0,59800.0,0.0
2020,6900.0,3.5,0,43500.0,0.0
2021,68050.0,3.8,0,29600.0,0.0
2017,128000.0,6.7,0,50000.0,0.0
2021,9472.0,2.0,0,51000.0,0.0
2009,185963.0,2.4,1,5100.0,0.0
2019,52000.0,2.0,1,19500.0,0.0
2015,68653.0,3.6,1,18950.0,0.0
2004,151896.0,3.3,0,7900.0,0.0
2013,134207.0,2.0,1,5500.0,0.0
2020,26470.0,1.5,0,29900.0,1.0
2018,82300.0,2.0,0,35000.0,0.0
2015,124000.0,3.5,0,24000.0,0.0
2020,23823.0,3.0,0,49995.0,1.0
2002,222600.0,4.8,0,4999.0,0.0
2021,9500.0,4.0,0,279900.0,0.0
2014,154247.0,3.5,1,12500.0,0.0
2008,128000.0,6.0,0,23500.0,0.0
2008,70000.0,4.2,1,13000.0,0.0
1995,123000.0,,0,10999.0,0.0
2016,52375.0,4.4,1,48600.0,0.0
2016,100574.0,3.6,1,17500.0,0.0
2014,85000.0,3.6,1,11250.0,0.0
2021,10400.0,6.2,0,72900.0,0.0
2019,19200.0,6.2,0,41500.0,0.0
2013,81000.0,3.5,1,13000.0,0.0
2011,165000.0,1.8,0,4000.0,0.0
2024,124.0,3.0,0,145000.0,0.0
2013,117500.0,1.6,1,6500.0,0.0
2018,72500.0,3.0,0,60000.0,0.0
2023,265.0,4.0,0,279950.0,0.0
2014,55564.0,3.0,1,22500.0,0.0
2019,43500.0,2.0,0,30000.0,0.0
2019,35000.0,3.0,0,83000.0,0.0
2017,92031.0,5.3,1,30000.0,0.0
2016,128032.0,3.5,0,18000.0,0.0
2018,18800.0,2.0,0,26000.0,0.0
2023,2900.0,4.4,0,117500.0,0.0
2017,91600.0,3.5,0,26000.0,0.0
2019,91843.0,4.0,1,30500.0,0.0
2017,73350.0,6.4,0,37000.0,0.0
2017,67000.0,3.0,0,23000.0,0.0
2016,117660.0,3.0,1,19500.0,0.0
2001,71448.0,3.8,0,10500.0,0.0
2015,86000.0,5.6,0,29500.0,0.0
2013,29400.0,3.0,0,29000.0,0.0
2017,68871.0,3.5,0,28450.0,0.0
2012,126000.0,4.8,0,17999.0,0.0
2007,25718.0,2.0,0,17900.0,0.0
2015,67210.0,4.8,1,51950.0,0.0
2018,27214.0,3.0,1,40950.0,0.0
2019,42728.0,3.5,0,45950.0,0.0
2010,97395.0,1.6,0,6699.0,0.0
2015,91700.0,2.0,0,12000.0,0.0
2011,94500.0,2.0,0,27000.0,0.0
2014,196300.0,5.3,0,10995.0,0.0
2015,54259.0,3.6,0,19425.0,1.0
2015,175000.0,3.0,0,19500.0,0.0
2015,159000.0,5.3,1,26900.0,0.0
2016,74000.0,6.2,0,32000.0,0.0
2011,82963.0,6.0,0,20995.0,0.0
2019,59980.0,5.6,0,29000.0,0.0
2017,25000.0,4.4,1,65000.0,0.0
2012,126000.0,3.0,1,12700.0,0.0
2020,37428.0,5.7,0,61599.0,0.0
2014,99499.0,2.0,1,15000.0,0.0
2012,90742.0,2.4,0,12980.0,0.0
2014,125000.0,5.0,1,22500.0,0.0
2018,71669.0,2.0,0,20000.0,0.0
2018,16002.0,5.0,0,74900.0,0.0
2014,86000.0,4.0,0,41500.0,0.0
2019,56000.0,5.7,0,42000.0,0.0
1993,168000.0,,0,7000.0,0.0
2017,41789.0,5.7,1,42500.0,0.0
2014,60109.0,2.0,0,9499.0,0.0
2020,48000.0,2.0,0,49995.0,0.0
2008,122000.0,3.5,0,11500.0,0.0
2012,102800.0,5.0,0,16000.0,0.0
2019,69771.0,2.5,0,27500.0,0.0
2021,28260.0,3.5,0,72950.0,0.0
2020,6025.0,1.5,0,27500.0,0.0
2018,32697.0,2.0,1,15900.0,0.0
2001,239000.0,6.8,0,8000.0,0.0
2017,34150.0,3.0,0,45999.0,0.0
2006,100545.0,3.5,0,5995.0,0.0
2007,162000.0,4.0,0,23977.0,0.0
2020,87555.0,3.6,1,31650.0,1.0
2015,102200.0,5.3,0,25000.0,0.0
2013,18950.0,4.0,0,77999.0,0.0
2015,16000.0,3.5,1,30500.0,0.0
2022,19250.0,6.2,0,86999.0,0.0
2015,65000.0,3.0,0,24995.0,0.0
2007,110022.0,1.6,0,6250.0,0.0
2012,79089.0,6.0,0,46999.0,0.0
2023,2533.0,4.6,0,64900.0,0.0
2014,96273.0,3.0,1,15495.0,0.0
2020,22187.0,3.6,1,45480.0,1.0
2009,137000.0,4.8,0,20000.0,0.0
2009,60747.0,3.8,1,71999.0,0.0
2007,36500.0,3.7,0,16000.0,0.0
2021,19590.0,2.7,0,54999.0,0.0
2015,16850.0,3.8,0,95000.0,0.0
2012,194000.0,1.4,1,4900.0,0.0
2020,48210.0,4.6,1,47449.0,1.0
2018,81500.0,4.4,0,41250.0,0.0
2015,58664.0,3.0,1,20950.0,0.0
2004,145000.0,3.8,0,8950.0,0.0
2018,15055.0,3.5,0,59000.0,0.0
2021,915.0,5.0,0,159000.0,0.0
2003,46873.0,1.8,0,11500.0,0.0
2021,53169.0,6.2,0,81500.0,0.0
2022,35700.0,4.6,1,51900.0,0.0
2014,112600.0,3.5,1,13000.0,0.0
2015,112552.0,5.3,1,24440.0,1.0
2003,127273.0,3.2,0,15000.0,0.0
2007,189887.0,2.5,1,3995.0,0.0
2012,76465.0,3.0,1,22500.0,0.0
2007,136400.0,3.8,1,6750.0,0.0
2004,79635.0,3.9,0,13500.0,0.0
2011,170000.0,3.6,1,4000.0,0.0
2018,67650.0,3.5,0,30000.0,0.0
2016,119850.0,3.5,0,19000.0,0.0
2008,116500.0,3.5,0,15999.0,0.0
1993,120644.0,,0,4200.0,0.0
2010,169802.0,2.0,0,9985.0,1.0
2021,36905.0,3.0,0,50000.0,0.0
2022,8400.0,3.6,1,47000.0,0.0
2003,149961.0,6.0,1,12500.0,0.0
2014,84500.0,6.2,0,41500.0,0.0
2016,96000.0,4.0,0,65000.0,0.0
2009,88000.0,3.8,1,57000.0,0.0
2020,32500.0,2.4,0,32000.0,0.0
2016,71280.0,3.0,0,22000.0,0.0
2011,37200.0,3.6,0,27500.0,0.0
2008,94291.0,2.0,0,14500.0,0.0
2006,54082.0,4.2,0,17000.0,0.0
2022,7800.0,2.0,0,66000.0,0.0
2016,86250.0,3.6,0,22000.0,0.0
2016,75479.0,4.4,0,27899.0,0.0
2017,24650.0,4.4,0,50000.0,0.0
2013,102750.0,2.0,0,20000.0,0.0
2018,50000.0,2.0,0,27500.0,0.0
2017,72700.0,3.0,0,27499.0,0.0
2018,54293.0,4.4,1,49000.0,0.0
2018,16000.0,3.5,1,30500.0,0.0
2006,19500.0,5.0,0,129000.0,0.0
2014,71000.0,2.0,1,16700.0,0.0
2019,60000.0,3.0,0,36500.0,0.0
1998,75539.0,2.5,0,11995.0,0.0
2017,36000.0,2.0,0,21000.0,0.0
2016,42600.0,3.7,1,31950.0,0.0
2017,98888.0,6.0,1,29000.0,0.0
2019,64532.0,2.0,1,19395.0,0.0
2011,75500.0,3.0,0,12975.0,0.0
2019,32000.0,2.5,0,27000.0,0.0
2019,47839.0,2.5,0,24991.0,1.0
2013,98413.0,4.8,1,34900.0,0.0
2022,9628.0,2.9,0,78500.0,0.0
1999,15000.0,4.0,0,16370.0,0.0
2015,110000.0,3.5,0,28000.0,0.0
2022,105.0,2.0,0,200000.0,0.0
2004,186117.0,4.0,0,13000.0,0.0
2002,103500.0,4.0,0,12500.0,0.0
2011,43000.0,4.0,0,50900.0,0.0
2015,70700.0,4.4,1,23000.0,0.0
2022,42479.0,1.3,0,28495.0,1.0
2000,205000.0,6.8,1,9950.0,0.0
2019,22300.0,3.0,0,38999.0,0.0
2017,104000.0,3.5,1,19995.0,0.0
2022,13865.0,1.5,0,29182.0,1.0
2022,15882.0,3.0,0,84995.0,0.0
2017,31150.0,3.8,0,113000.0,0.0
2015,44000.0,3.6,1,12700.0,0.0
2003,109000.0,6.0,0,17500.0,0.0
2020,31350.0,3.0,0,62450.0,0.0
2021,30000.0,3.0,0,62000.0,0.0
2012,66500.0,5.0,0,19950.0,0.0
2012,96600.0,4.0,1,17000.0,0.0
2015,198000.0,3.5,0,14000.0,0.0
2013,91877.0,3.0,1,24000.0,0.0
2018,45578.0,3.5,0,45023.0,0.0
2015,54000.0,2.0,1,19996.0,0.0
2020,52000.0,3.0,0,55000.0,0.0
2008,132500.0,3.6,0,35000.0,0.0
2006,256000.0,4.7,0,4000.0,0.0
2009,31370.0,6.3,0,65700.0,0.0
2008,67303.0,2.4,0,4900.0,0.0
2021,12000.0,6.2,1,99900.0,0.0
2023,16500.0,2.3,0,54000.0,0.0
2019,88000.0,3.6,1,39900.0,0.0
2018,18515.0,5.2,1,60867.0,0.0
2023,2100.0,4.4,0,172000.0,0.0
2019,58600.0,2.0,1,29000.0,0.0
2015,74500.0,4.6,0,33900.0,0.0
2023,222.0,3.6,0,69000.0,0.0
2007,75124.0,5.3,0,16499.0,0.0
2013,15500.0,6.2,0,45000.0,0.0
2020,34300.0,3.0,0,52500.0,0.0
2019,82000.0,3.5,0,32471.0,0.0
2023,10000.0,4.0,0,145000.0,0.0
2005,96000.0,3.6,1,4999.0,0.0
2021,7751.0,5.7,0,41950.0,0.0
2017,66250.0,4.0,1,59200.0,0.0
2012,109000.0,1.8,1,14945.0,0.0
2015,60000.0,3.8,0,17000.0,0.0
2022,9006.0,2.0,0,56999.0,0.0
2022,13400.0,2.4,0,33499.0,0.0
2018,78000.0,6.4,1,44700.0,0.0
2013,134000.0,5.7,1,29995.0,0.0
2013,104994.0,2.4,0,9000.0,0.0
2016,31500.0,4.0,0,103900.0,0.0
2020,30000.0,2.0,0,28900.0,0.0
2023,490.0,3.4,0,124999.0,0.0
2017,67000.0,5.7,0,37999.0,0.0
2021,8263.0,1.6,0,29000.0,0.0
2021,35003.0,5.7,0,40999.0,1.0
2008,80000.0,6.2,0,31000.0,0.0
2022,6200.0,6.2,0,99999.0,0.0
2014,74595.0,5.0,1,32450.0,0.0
2013,87066.0,3.0,0,20999.0,0.0
2020,38000.0,3.8,0,41999.0,0.0
2018,69641.0,2.5,1,23995.0,0.0
2022,1275.0,2.4,0,47999.0,0.0
2001,60000.0,3.2,0,25000.0,0.0
2014,99450.0,3.6,0,21000.0,0.0
2023,200.0,3.4,0,82500.0,0.0
2016,68000.0,3.6,1,32950.0,0.0
2010,212000.0,3.5,1,9450.0,0.0
2019,73091.0,6.6,1,58500.0,0.0
2023,9400.0,1.6,0,31500.0,0.0
2014,117697.0,3.6,1,16975.0,0.0
2015,95428.0,6.0,0,55000.0,0.0
2017,116300.0,4.6,0,31950.0,0.0
2019,56778.0,3.0,0,41899.0,0.0
2017,37000.0,2.0,0,31000.0,0.0
2015,103748.0,2.0,0,8500.0,0.0
2005,86000.0,4.7,0,22500.0,0.0
2013,125900.0,5.0,0,21000.0,0.0
2023,6200.0,5.6,0,48000.0,0.0
2019,85000.0,6.7,1,52500.0,0.0
2017,19324.0,4.0,0,75000.0,0.0
2018,49273.0,6.2,0,54000.0,0.0
2017,44000.0,3.0,0,55000.0,0.0
2010,70000.0,6.1,0,22000.0,0.0
2016,143290.0,2.1,0,33490.0,0.0
2019,69205.0,6.7,0,73500.0,0.0
2015,123500.0,5.3,0,25650.0,0.0
2018,70773.0,3.0,0,30950.0,0.0
2015,109000.0,2.0,1,7599.0,0.0
2014,71097.0,3.7,0,18995.0,0.0
1996,160490.0,,0,15500.0,0.0
2014,80400.0,2.5,1,15000.0,0.0
2010,123620.0,2.5,1,9900.0,0.0
2011,187883.0,2.4,0,5500.0,0.0
2020,45000.0,4.0,0,133000.0,0.0
2022,25420.0,2.0,0,24500.0,0.0
2011,129999.0,4.0,0,29999.0,0.0
2008,41048.0,4.0,0,38490.0,0.0
2010,72500.0,1.8,0,6750.0,0.0
2014,143390.0,3.6,0,13000.0,0.0
2018,68425.0,3.5,1,23500.0,0.0
2018,95000.0,4.0,0,33000.0,0.0
2019,29000.0,5.7,1,49500.0,0.0
2003,145000.0,5.7,0,22000.0,0.0
2011,98658.0,5.7,0,14995.0,0.0
2009,97615.0,3.0,0,10500.0,0.0
2014,36000.0,4.8,0,37000.0,0.0
2021,61874.0,2.5,0,22389.0,1.0
2012,74582.0,3.6,0,8500.0,0.0
2013,51500.0,3.7,0,23900.0,0.0
2007,193827.0,4.0,0,14950.0,0.0
2019,53433.0,5.3,0,36950.0,0.0
2012,103000.0,6.3,1,40000.0,0.0
2016,59000.0,2.0,1,20999.0,0.0
2017,82000.0,4.6,0,32900.0,0.0
2016,60000.0,3.6,0,45000.0,0.0
2017,93971.0,6.2,0,47000.0,0.0
2015,62600.0,3.5,0,27500.0,0.0
2014,84450.0,3.5,0,19000.0,0.0
2014,76500.0,3.5,0,17999.0,0.0
2017,74000.0,2.0,0,19800.0,0.0
2014,111095.0,5.3,1,26000.0,0.0
2007,37216.0,3.3,1,14995.0,0.0
2015,25786.0,3.0,0,38500.0,0.0
2021,15520.0,3.6,0,40459.0,1.0
2015,97300.0,3.0,0,29995.0,0.0
2002,89000.0,3.8,0,10400.0,0.0
2015,52111.0,3.6,1,37500.0,0.0
2010,113500.0,3.5,1,11000.0,0.0
2015,155382.0,2.0,1,13500.0,0.0
2016,49643.0,4.7,1,33995.0,0.0
2015,76474.0,4.4,0,32000.0,0.0
2016,10431.0,2.7,0,50999.0,0.0
2009,190120.0,5.0,1,12500.0,0.0
2020,92000.0,3.5,0,29999.0,0.0
2017,24000.0,3.6,0,32000.0,0.0
2020,25396.0,5.7,0,43250.0,1.0
2001,167000.0,6.0,1,6500.0,0.0
2022,18645.0,5.7,0,49700.0,1.0
2018,28470.0,3.8,1,147500.0,0.0
2016,54000.0,3.7,0,23999.0,0.0
2003,83000.0,1.6,0,2900.0,0.0
2021,43329.0,3.5,0,43642.0,1.0
2015,51400.0,5.0,0,43000.0,0.0
2015,153800.0,5.3,1,23000.0,0.0
2022,9000.0,5.0,0,115000.0,0.0
2003,10800.0,8.3,0,65499.0,0.0
2020,10458.0,5.7,0,48815.0,1.0
2014,84709.0,2.0,0,13800.0,0.0
2019,33500.0,3.0,0,45770.0,0.0
2015,98000.0,3.0,0,32999.0,0.0
2008,94653.0,4.8,1,7300.0,0.0
2023,9281.0,3.5,0,85000.0,0.0
2023,11806.0,3.6,0,47000.0,0.0
1993,70015.0,,0,22500.0,0.0
2020,48613.0,6.2,1,61500.0,0.0
2023,2990.0,6.7,1,69900.0,0.0
2005,124747.0,1.8,0,6900.0,0.0
2021,24000.0,5.7,0,42000.0,0.0
2009,113000.0,2.3,0,5499.0,0.0
2017,89106.0,3.5,0,18000.0,0.0
2017,22000.0,6.2,1,53000.0,0.0
2022,4753.0,5.3,0,57000.0,0.0
2021,15000.0,6.2,0,43500.0,0.0
1997,229000.0,6.5,1,19500.0,0.0
2014,42400.0,3.0,0,26500.0,0.0
2023,15840.0,2.0,0,69900.0,0.0
2016,76200.0,3.6,0,42000.0,0.0
2019,105667.0,5.3,0,39000.0,0.0
2019,51338.0,5.3,0,49900.0,0.0
2016,76857.0,2.0,1,8100.0,0.0
2019,80200.0,6.2,0,42500.0,0.0
2002,244200.0,4.7,1,3950.0,0.0
2014,38560.0,5.0,1,28500.0,0.0
2020,12500.0,6.2,0,84999.0,0.0
2016,45303.0,3.8,0,20999.0,0.0
2014,110000.0,2.0,0,9495.0,0.0
2011,66200.0,3.0,0,16499.0,0.0
2003,71000.0,2.5,0,14900.0,0.0
2019,81301.0,3.5,0,30275.0,1.0
2019,7033.0,6.2,0,63900.0,0.0
2020,36000.0,6.4,0,62000.0,0.0
2010,116000.0,2.4,1,9000.0,0.0
2018,42780.0,6.2,1,41100.0,0.0
2014,39886.0,3.0,1,26000.0,0.0
2014,151400.0,3.0,0,15400.0,0.0
2017,48000.0,2.0,0,20500.0,0.0
2011,79000.0,6.6,1,80300.0,0.0
2020,54000.0,5.7,0,34000.0,0.0
2016,110000.0,3.6,1,25900.0,0.0
2020,14000.0,2.0,0,48000.0,0.0
2023,5000.0,6.2,0,110000.0,0.0
2017,86101.0,5.5,1,72777.0,0.0
2016,77856.0,3.5,0,30919.0,1.0
2015,115282.0,3.6,1,12433.0,1.0
2016,30700.0,3.8,0,138999.0,0.0
2003,103726.0,1.6,1,5995.0,0.0
2008,39800.0,2.0,0,13250.0,0.0
2019,79500.0,4.0,0,33333.0,0.0
2008,165520.0,3.5,1,9000.0,0.0
2014,92000.0,4.4,1,24000.0,0.0
2023,1500.0,3.8,0,55000.0,0.0
2008,38100.0,2.0,0,19950.0,0.0
2018,42125.0,2.0,0,38999.0,0.0
2014,86818.0,3.0,0,33500.0,0.0
2023,3490.0,3.0,0,95580.0,0.0
2008,111300.0,3.5,0,7900.0,0.0
2011,98200.0,4.0,0,27000.0,0.0
2018,42500.0,3.0,1,53999.0,0.0
2001,171000.0,4.0,1,15000.0,0.0
2013,24933.0,4.6,1,40250.0,0.0
2007,99769.0,4.2,0,29995.0,0.0
2008,67250.0,3.5,0,11900.0,0.0
2021,30022.0,6.2,1,74500.0,0.0
2017,42596.0,2.9,0,78000.0,0.0
2021,33705.0,2.3,1,36995.0,1.0
2016,63300.0,3.0,0,31000.0,0.0
2023,4700.0,3.0,0,52000.0,0.0
2010,107481.0,3.7,0,13500.0,0.0
1995,94000.0,,0,4500.0,0.0
2017,128000.0,3.6,0,26800.0,0.0
2018,26000.0,6.2,0,39000.0,0.0
2015,74000.0,4.0,0,29950.0,0.0
2012,141775.0,5.6,0,11500.0,0.0
2001,63250.0,2.0,0,12000.0,0.0
2014,35900.0,6.2,1,27900.0,0.0
2022,48306.0,6.2,1,71999.0,1.0
2012,125000.0,2.0,0,10500.0,0.0
2016,37700.0,,1,38000.0,0.0
2016,53900.0,3.5,0,27500.0,0.0
2008,54000.0,3.8,0,20000.0,0.0
2007,129000.0,6.0,0,17950.0,0.0
2022,10232.0,3.6,0,44646.0,1.0
2014,96238.0,4.0,1,22500.0,0.0
2022,12700.0,2.4,0,38500.0,0.0
2007,244000.0,5.3,0,16900.0,0.0
2015,124000.0,3.6,0,25000.0,0.0
2009,123000.0,3.0,0,15000.0,0.0
2022,24900.0,2.7,0,49900.0,0.0
2016,95500.0,3.5,0,20000.0,0.0
2021,4283.0,6.2,0,479995.0,1.0
2021,48300.0,5.7,0,82000.0,0.0
2008,94000.0,4.0,0,25999.0,0.0
2011,183000.0,4.0,1,12000.0,0.0
2013,126225.0,2.0,1,11500.0,0.0
2016,87892.0,2.0,0,16000.0,0.0
2012,45000.0,6.2,0,41500.0,0.0
2022,1023.0,4.0,0,156900.0,0.0
2015,106000.0,4.6,0,37500.0,0.0
2019,51300.0,2.5,1,25500.0,0.0
2021,30176.0,1.5,0,28979.0,1.0
2012,107000.0,2.5,0,9499.0,0.0
2019,17500.0,5.0,0,65000.0,0.0
2017,117878.0,6.7,0,42000.0,0.0
2010,138700.0,3.5,1,7000.0,0.0
2009,152068.0,6.2,1,12350.0,0.0
2016,77000.0,2.0,1,26999.0,0.0
2017,26000.0,2.3,0,37000.0,0.0
2014,131200.0,1.8,0,14000.0,0.0
2015,59000.0,3.0,0,53500.0,0.0
2020,15500.0,2.0,0,30000.0,0.0
2013,90000.0,3.0,0,19950.0,0.0
2006,94000.0,3.5,1,10995.0,0.0
2008,63750.0,6.2,1,55000.0,0.0
2011,95500.0,3.0,1,15990.0,0.0
2019,37900.0,2.4,0,26000.0,0.0
2015,13250.0,3.8,0,154900.0,0.0
2001,81000.0,3.2,0,39000.0,0.0
2022,37806.0,5.3,0,60894.0,0.0
2010,151544.0,5.7,1,17700.0,0.0
2012,60345.0,6.2,0,26950.0,0.0
2010,90305.0,3.5,0,12000.0,0.0
2018,8660.0,6.2,0,45000.0,0.0
2021,28220.0,6.7,0,73600.0,0.0
2015,97700.0,6.7,0,39950.0,0.0
2023,4200.0,6.2,0,98000.0,0.0
2016,100000.0,2.0,0,24000.0,0.0
2001,333361.0,7.3,1,17000.0,0.0
2018,63295.0,3.0,0,29993.0,0.0
2022,3000.0,5.0,0,96500.0,0.0
2014,102604.0,5.3,0,25500.0,0.0
2017,39800.0,5.5,0,99000.0,0.0
2019,124000.0,6.2,0,40100.0,0.0
2018,39300.0,5.7,0,69500.0,0.0
2019,51000.0,3.5,1,29000.0,0.0
2017,67000.0,3.0,0,35999.0,0.0
2013,136991.0,2.4,0,11000.0,0.0
2022,3959.0,3.4,0,55000.0,0.0
2020,47500.0,3.6,0,31000.0,0.0
2005,176691.0,6.0,1,13000.0,0.0
2014,34600.0,4.7,0,27500.0,0.0
2014,84500.0,6.4,0,34000.0,0.0
2022,36100.0,1.6,0,37500.0,0.0
2015,92225.0,3.8,1,17000.0,0.0
2020,17500.0,2.4,0,25695.0,0.0
2011,114323.0,2.5,0,6000.0,0.0
2014,92000.0,4.0,0,27500.0,0.0
2021,17000.0,6.4,0,65000.0,0.0
2015,96476.0,3.3,0,13000.0,0.0
2021,36311.0,3.6,0,39127.0,1.0
2016,56842.0,5.0,0,35000.0,0.0
2009,122348.0,2.0,1,10000.0,0.0
2015,98000.0,3.0,0,22500.0,0.0
2019,18997.0,2.0,0,26750.0,0.0
2016,40350.0,3.4,0,67995.0,0.0
2011,156856.0,5.4,0,14300.0,0.0
2017,61773.0,4.4,0,46000.0,0.0
2011,74500.0,5.0,0,22000.0,0.0
2016,99000.0,2.4,1,5000.0,0.0
2008,63496.0,3.7,0,15000.0,0.0
2022,18465.0,3.5,0,47500.0,0.0
2007,42635.0,3.8,0,72995.0,0.0
2005,99000.0,3.5,0,18900.0,0.0
2013,87500.0,3.6,0,13750.0,0.0
2007,138000.0,3.3,0,6800.0,0.0
2018,70891.0,3.5,0,28995.0,0.0
2020,55403.0,3.6,1,29444.0,0.0
2022,3213.0,3.0,0,89995.0,0.0
2005,142314.0,6.0,1,21999.0,0.0
2013,53000.0,4.0,0,36740.0,0.0
2014,120250.0,1.8,0,7500.0,0.0
2015,72329.0,3.0,0,29500.0,0.0
2007,153692.0,3.7,0,9995.0,0.0
2012,98400.0,3.0,0,18000.0,0.0
2023,1400.0,4.0,0,46500.0,0.0
1997,92800.0,5.8,0,9000.0,0.0
2021,75151.0,4.0,0,130000.0,0.0
2008,94000.0,2.5,0,12500.0,0.0
2014,67350.0,3.5,1,18700.0,0.0
2001,66500.0,3.2,0,21000.0,0.0
2014,70612.0,1.8,0,14500.0,0.0
2007,112630.0,3.5,1,11500.0,0.0
2014,124705.0,3.6,0,6499.0,0.0
2018,61000.0,3.0,1,34000.0,0.0
2017,157272.0,6.7,1,32999.0,0.0
2015,84000.0,3.0,0,20399.0,0.0
2020,27981.0,3.6,0,47500.0,0.0
2009,18000.0,6.0,0,63000.0,0.0
2021,3053.0,6.2,0,83900.0,0.0
2015,60251.0,3.0,1,19000.0,0.0
2021,5093.0,2.0,0,28000.0,0.0
2018,31875.0,6.0,0,115785.0,0.0
2005,175722.0,5.0,0,7000.0,0.0
2015,17900.0,4.4,0,59900.0,0.0
2015,142792.0,5.3,0,22999.0,0.0
2010,89400.0,5.7,0,26900.0,0.0
2007,86000.0,5.7,0,15000.0,0.0
2008,61595.0,1.0,0,5000.0,0.0
2018,74000.0,5.7,1,38000.0,0.0
2004,130000.0,6.0,1,16500.0,0.0
2015,86000.0,4.4,1,29000.0,0.0
2008,140600.0,4.2,0,7500.0,0.0
2018,27532.0,2.0,0,27900.0,0.0
2017,91000.0,2.0,0,12500.0,0.0
2014,63000.0,4.7,0,28500.0,0.0
2022,10500.0,2.0,0,49999.0,0.0
2014,75073.0,3.5,0,21500.0,0.0
2008,140000.0,3.8,1,9000.0,0.0
2019,30300.0,2.0,0,30500.0,0.0
2009,139000.0,2.4,0,4200.0,0.0
2006,118000.0,3.5,0,17900.0,0.0
2015,51000.0,1.5,0,53000.0,0.0
2009,69423.0,4.6,0,36500.0,0.0
2017,52284.0,2.0,1,12500.0,0.0
2006,111228.0,4.3,1,4000.0,0.0
2019,52300.0,3.0,0,49900.0,0.0
2021,95993.0,5.6,0,32612.0,1.0
2019,31600.0,5.0,0,41000.0,0.0
2017,83298.0,2.0,0,18300.0,0.0
2017,95212.0,3.0,0,31599.0,0.0
2010,61600.0,3.6,0,51750.0,0.0
2011,130921.0,5.6,0,12000.0,0.0
2024,1500.0,3.0,0,90000.0,0.0
2017,79950.0,2.0,0,17390.0,0.0
2021,31500.0,6.2,0,95000.0,0.0
2017,61000.0,5.2,0,140000.0,0.0
2021,45867.0,6.4,0,43449.0,1.0
2014,22700.0,3.4,1,85500.0,0.0
2009,43000.0,6.0,0,48500.0,0.0
2015,99000.0,4.6,0,27000.0,0.0
2006,135000.0,4.0,0,16900.0,0.0
2019,46000.0,2.0,1,29000.0,0.0
2014,79615.0,2.0,0,10995.0,1.0
2019,41200.0,3.0,0,60500.0,0.0
2016,116500.0,6.2,1,30500.0,0.0
1993,75980.0,,0,90200.0,0.0
2018,24059.0,6.2,0,87150.0,0.0
2015,118500.0,2.0,1,15400.0,0.0
2018,20000.0,3.0,0,43000.0,0.0
2023,9500.0,3.5,1,63500.0,0.0
2006,134000.0,4.0,1,8500.0,0.0
2022,10500.0,2.4,0,32500.0,0.0
2018,53100.0,1.5,0,17500.0,0.0
2017,80134.0,2.0,0,13895.0,1.0
2021,24000.0,2.0,0,25500.0,0.0
2006,61000.0,2.5,0,10299.0,0.0
2021,19700.0,2.7,0,48000.0,0.0
2018,28182.0,4.0,1,84500.0,0.0
2017,59500.0,2.3,1,21000.0,0.0
1999,115402.0,3.0,0,8000.0,0.0
2018,85500.0,5.3,1,35899.0,0.0
2020,51000.0,6.4,0,44900.0,0.0
2011,132000.0,3.5,0,9999.0,0.0
2018,62000.0,2.0,0,30500.0,0.0
2016,12454.0,4.0,0,210000.0,0.0
2017,27965.0,4.4,0,58000.0,0.0
2018,48000.0,3.0,0,32000.0,0.0
2018,29000.0,2.4,0,19500.0,0.0
2010,131100.0,4.7,1,12995.0,0.0
2016,18069.0,6.0,0,79999.0,0.0
2023,13000.0,2.5,0,31900.0,0.0
2008,51000.0,3.6,1,69500.0,0.0
2007,137333.0,3.7,1,10000.0,0.0
2014,125559.0,3.6,1,11200.0,0.0
2020,88161.0,6.2,1,48889.0,1.0
2016,101900.0,4.0,0,29000.0,0.0
2015,159500.0,6.2,1,18800.0,0.0
2015,68860.0,2.5,1,15000.0,0.0
2017,182000.0,3.5,1,16500.0,0.0
2017,81000.0,3.5,0,27000.0,0.0
2011,82000.0,3.0,1,20000.0,0.0
2012,207100.0,3.5,1,15000.0,0.0
2023,450.0,3.0,0,124000.0,0.0
2016,77945.0,3.6,1,30000.0,0.0
2017,37100.0,3.0,1,26125.0,0.0
2006,51000.0,4.2,1,18000.0,0.0
2017,94000.0,2.7,0,26000.0,0.0
2003,121886.0,4.6,1,6000.0,0.0
2008,157500.0,5.4,1,15000.0,0.0
2014,138415.0,3.5,1,15500.0,0.0
2012,110000.0,5.0,0,10200.0,0.0
2021,12941.0,5.3,1,51500.0,0.0
2009,69764.0,3.0,0,19500.0,0.0
2018,26500.0,3.0,1,38000.0,0.0
2018,35850.0,2.0,0,33000.0,0.0
2008,77700.0,2.3,0,6300.0,0.0
2021,23600.0,2.0,0,42999.0,0.0
2019,8870.0,3.9,0,215000.0,1.0
2001,122000.0,1.8,0,7800.0,0.0
2003,245000.0,6.0,1,17999.0,0.0
2022,4700.0,4.0,0,134000.0,0.0
2016,84100.0,2.5,0,34000.0,0.0
2021,33000.0,2.0,0,40000.0,0.0
2018,3811.0,4.0,0,148500.0,0.0
2013,139355.0,3.0,0,20900.0,0.0
2010,9100.0,3.5,0,55000.0,0.0
2019,10500.0,4.0,0,77900.0,0.0
2021,33500.0,3.0,0,71000.0,0.0
2014,126500.0,3.0,0,15000.0,0.0
2016,79000.0,2.0,0,24000.0,0.0
2018,19000.0,3.0,0,145000.0,0.0
2021,57000.0,6.7,0,52000.0,0.0
2005,127000.0,5.0,0,14000.0,0.0
2002,89500.0,4.3,0,15999.0,0.0
2000,97000.0,4.3,0,27500.0,0.0
2021,31181.0,3.6,1,42442.0,1.0
2005,97146.0,5.3,1,7999.0,0.0
2019,44800.0,6.2,0,52500.0,0.0
2015,150000.0,3.5,1,17100.0,0.0
2020,38400.0,3.5,0,32100.0,0.0
2008,7960.0,6.0,0,81500.0,0.0
2007,117000.0,3.5,1,9975.0,0.0
2017,30200.0,3.8,0,139000.0,0.0
2012,91545.0,2.5,0,8999.0,0.0
2015,110000.0,5.0,1,26499.0,0.0
2017,105100.0,3.0,1,23300.0,0.0
2012,110000.0,5.6,0,15600.0,0.0
2019,81778.0,3.5,0,32769.0,1.0
2010,168422.0,3.5,1,10900.0,0.0
2018,80500.0,3.0,0,34900.0,0.0
2018,81200.0,2.0,1,28825.0,0.0
2020,6246.0,5.2,0,267950.0,1.0
2017,20172.0,3.6,0,47500.0,0.0
2005,145000.0,6.0,0,22500.0,0.0
2009,162000.0,3.5,1,7500.0,0.0
2020,13554.0,4.0,0,124995.0,0.0
2007,59700.0,3.5,0,9500.0,0.0
2009,51983.0,3.0,0,19999.0,0.0
2022,22000.0,6.2,0,50000.0,0.0
2022,16000.0,6.6,1,73995.0,0.0
2020,33000.0,4.0,0,188500.0,0.0
2023,1025.0,3.4,0,85000.0,0.0
2013,89190.0,3.7,1,15499.0,0.0
2020,53550.0,3.5,0,39687.0,1.0
2021,56946.0,2.0,0,26299.0,1.0
2016,11684.0,5.0,0,54900.0,0.0
2018,45617.0,6.2,0,51000.0,0.0
2018,75466.0,5.3,0,34500.0,0.0
2021,19513.0,3.8,1,84645.0,1.0
2018,69600.0,3.0,0,40888.0,0.0
2011,138050.0,4.7,0,16500.0,0.0
2017,132269.0,6.2,0,35900.0,0.0
2020,45815.0,3.8,0,37700.0,0.0
2021,25352.0,3.5,0,48459.0,1.0
2008,120000.0,3.5,0,8995.0,0.0
2018,75151.0,6.2,1,45000.0,0.0
2016,74139.0,3.6,0,23000.0,0.0
1994,170443.0,,1,6000.0,0.0
1995,70000.0,,0,19000.0,0.0
2012,68500.0,4.4,0,17800.0,0.0
2017,61000.0,1.4,0,15995.0,0.0
2001,150000.0,4.0,1,9875.0,0.0
2016,46200.0,3.0,1,41500.0,0.0
2014,88000.0,3.5,0,15500.0,0.0
2015,47000.0,3.0,0,30089.0,0.0
2017,50340.0,3.0,1,47000.0,0.0
2010,67800.0,3.5,0,13999.0,0.0
2002,150000.0,3.9,1,5500.0,0.0
2018,13500.0,6.2,1,54000.0,0.0
2007,101750.0,3.7,0,12900.0,0.0
2022,18385.0,3.5,0,37950.0,0.0
2008,123500.0,3.5,1,13500.0,0.0
2017,117000.0,6.0,0,38000.0,0.0
2010,86121.0,3.5,0,13600.0,0.0
2020,22466.0,4.6,0,45900.0,0.0
2017,80000.0,5.6,0,23800.0,0.0
2020,23152.0,3.6,0,28250.0,0.0
2006,91300.0,5.7,0,9200.0,0.0
2020,45000.0,3.5,0,28999.0,0.0
2018,73049.0,3.5,1,30510.0,1.0
2021,7250.0,5.6,0,38000.0,0.0
2019,44000.0,2.0,0,29000.0,0.0
2014,85500.0,6.2,0,26900.0,0.0
2021,18083.0,3.6,0,43999.0,1.0
2005,22703.0,6.2,0,220000.0,0.0
2011,111000.0,3.6,0,10900.0,0.0
2013,115000.0,3.6,0,14000.0,0.0
2021,33400.0,2.0,0,28000.0,0.0
2007,136000.0,4.7,0,12500.0,0.0
2021,26800.0,3.5,0,44000.0,0.0
2008,251634.0,6.1,0,10500.0,0.0
2005,119000.0,3.5,0,3500.0,0.0
2009,111000.0,3.8,0,7900.0,0.0
2016,116500.0,2.5,0,14311.0,1.0
2005,199296.0,3.2,0,4900.0,0.0
2023,202.0,5.5,0,179000.0,0.0
2016,49600.0,6.2,0,32500.0,0.0
2023,13600.0,3.0,0,65000.0,0.0
2007,59700.0,2.0,0,10000.0,0.0
2018,19000.0,6.4,0,44888.0,0.0
2002,17300.0,5.7,0,33999.0,0.0
2014,91140.0,2.0,0,13500.0,0.0
2015,33000.0,4.4,0,65000.0,0.0
2019,52775.0,3.6,0,39799.0,0.0
2011,113000.0,2.0,0,5800.0,0.0
2022,13000.0,2.0,0,60000.0,0.0
2009,77925.0,3.5,0,16500.0,0.0
2011,106500.0,,1,22500.0,0.0
2017,137000.0,2.0,0,10995.0,0.0
2015,111000.0,2.0,1,15000.0,0.0
2019,49208.0,3.0,0,62425.0,0.0
2018,44000.0,3.0,0,39000.0,0.0
2017,26000.0,2.0,0,45500.0,0.0
2020,1800.0,6.2,0,76000.0,0.0
2012,50000.0,4.7,0,26497.0,0.0
2018,93000.0,2.0,1,16000.0,0.0
2020,15000.0,4.0,0,129000.0,0.0
2016,119500.0,2.5,0,15000.0,0.0
2016,50000.0,3.0,0,36000.0,0.0
2019,48000.0,3.3,0,29999.0,0.0
2018,50400.0,2.0,0,28500.0,0.0
2012,153600.0,3.0,0,17500.0,0.0
2023,1869.0,4.4,0,164725.0,1.0
2022,31917.0,6.4,0,64683.0,0.0
2016,56235.0,3.0,0,50500.0,0.0
2019,28724.0,1.6,1,18300.0,0.0
2015,124400.0,3.7,1,9500.0,0.0
2020,137000.0,5.3,0,46000.0,0.0
2005,38686.0,4.3,0,99999.0,0.0
2022,6600.0,7.3,1,72900.0,0.0
2007,67200.0,3.0,0,11500.0,0.0
2023,15736.0,3.0,0,67900.0,0.0
2005,153460.0,5.0,1,5800.0,0.0
2012,70000.0,3.7,1,15051.0,0.0
2011,143898.0,4.6,0,9950.0,0.0
2003,26190.0,5.0,0,22000.0,0.0
2000,209193.0,4.7,0,15900.0,0.0
2018,27839.0,6.4,0,41688.0,1.0
2022,20250.0,2.9,0,68500.0,0.0
2014,35000.0,3.5,0,29998.0,0.0
2006,133255.0,3.5,0,4000.0,0.0
2014,43690.0,4.7,0,23500.0,0.0
2023,8800.0,3.4,0,68500.0,0.0
2015,85768.0,1.6,1,8250.0,0.0
2022,2235.0,3.0,0,110000.0,0.0
2019,121521.0,3.6,0,26772.0,1.0
2015,23700.0,3.8,0,144940.0,0.0
2013,124000.0,3.0,0,11900.0,0.0
2018,32260.0,2.4,0,20999.0,0.0
2015,92000.0,4.6,0,28000.0,0.0
2010,269885.0,5.7,1,22500.0,0.0
2008,51855.0,6.2,0,35900.0,0.0
2015,124000.0,2.5,1,12900.0,0.0
2015,26000.0,5.0,0,52500.0,0.0
2018,36500.0,2.0,1,25500.0,0.0
2022,1400.0,6.2,0,54900.0,0.0
2018,17000.0,3.6,0,38500.0,0.0
2021,42750.0,1.5,0,25698.0,1.0
2011,67998.0,2.9,0,30000.0,0.0
2008,64500.0,4.6,1,16000.0,0.0
2007,102000.0,4.0,0,24900.0,0.0
2004,145000.0,4.6,0,15500.0,0.0
2018,50000.0,2.5,1,55000.0,0.0
2004,37622.0,5.7,0,25500.0,0.0
2006,89987.0,3.5,0,9499.0,0.0
2015,136390.0,5.6,0,20470.0,1.0
1994,90000.0,,1,2990.0,0.0
2015,27000.0,6.2,0,33000.0,0.0
2004,144770.0,3.7,1,6500.0,0.0
2011,157000.0,4.0,0,23500.0,0.0
2010,132000.0,3.0,1,8500.0,0.0
2002,137000.0,7.3,0,15000.0,0.0
2018,50992.0,3.5,1,28000.0,0.0
2010,105760.0,3.0,0,12900.0,0.0
2018,29800.0,5.0,0,68495.0,0.0
2019,21000.0,3.0,1,42000.0,0.0
1998,152195.0,5.7,0,9900.0,0.0
2006,169900.0,6.0,1,16900.0,0.0
2008,196000.0,3.2,0,6499.0,0.0
2009,180036.0,3.8,1,9100.0,0.0
2017,57918.0,3.0,0,33500.0,0.0
2017,98600.0,3.0,0,26500.0,0.0
2018,120000.0,6.7,1,55000.0,0.0
2022,14269.0,3.0,0,80000.0,0.0
2022,6875.0,5.0,0,89000.0,0.0
2009,74600.0,4.4,0,15000.0,0.0
2019,45900.0,3.0,1,41500.0,0.0
2021,88883.0,2.7,0,33172.0,1.0
2013,43000.0,3.6,0,35000.0,0.0
2018,33700.0,2.0,1,12000.0,0.0
2016,95115.0,6.7,0,43640.0,1.0
2007,20200.0,6.0,0,27500.0,0.0
2013,104457.0,2.0,0,17900.0,0.0
2017,76000.0,4.8,0,41400.0,0.0
2020,56247.0,3.6,0,39244.0,1.0
1994,50750.0,,0,15000.0,0.0
2016,61000.0,2.4,1,21000.0,0.0
2021,24207.0,2.7,0,43430.0,1.0
2006,21000.0,7.0,0,47500.0,0.0
2019,136150.0,3.6,1,22500.0,0.0
2009,78414.0,4.0,1,28750.0,0.0
2019,60800.0,2.5,0,19900.0,0.0
2022,16400.0,2.5,0,34000.0,0.0
2018,62200.0,3.5,0,35707.0,0.0
2003,142215.0,4.6,0,5000.0,0.0
2007,150000.0,5.5,0,8000.0,0.0
1998,49170.0,4.6,0,12500.0,0.0
2015,167500.0,5.3,0,18000.0,0.0
2016,110450.0,2.0,0,11000.0,0.0
2014,106000.0,3.0,1,23000.0,0.0
2017,92728.0,5.3,0,34900.0,0.0
2022,17000.0,2.3,0,44000.0,0.0
2016,75200.0,6.2,0,22000.0,0.0
2015,1800.0,6.2,0,64990.0,0.0
2017,29720.0,3.8,0,29500.0,0.0
2009,56000.0,6.3,0,44850.0,0.0
2020,59419.0,5.7,0,73000.0,0.0
2018,69100.0,3.3,0,32500.0,0.0
2021,22185.0,3.8,0,131999.0,1.0
2008,29586.0,6.0,0,47900.0,0.0
2021,63866.0,6.6,0,41885.0,1.0
2014,78500.0,3.5,1,17900.0,0.0
2022,1067.0,2.0,0,48000.0,0.0
2017,152000.0,3.5,0,15499.0,0.0
2011,185000.0,3.5,0,8900.0,0.0
2007,97724.0,6.7,0,19998.0,0.0
2016,111000.0,2.0,0,13000.0,0.0
2019,32268.0,6.2,0,46500.0,0.0
2020,57785.0,3.0,0,63995.0,0.0
2002,204884.0,3.2,1,21500.0,0.0
2003,179400.0,6.0,1,15000.0,0.0
2009,57000.0,1.3,0,14000.0,0.0
2021,25997.0,5.7,0,87000.0,0.0
2022,36555.0,5.3,0,64288.0,1.0
2023,989.0,4.0,0,122950.0,1.0
2007,28514.0,6.0,0,32000.0,0.0
2019,10400.0,5.0,0,40000.0,0.0
1999,58800.0,5.7,0,15000.0,0.0
2018,85000.0,3.0,0,33000.0,0.0
2000,95200.0,2.5,0,11999.0,0.0
2015,68575.0,3.5,1,26000.0,0.0
2011,12300.0,6.2,0,45000.0,0.0
2018,13900.0,6.2,0,54490.0,0.0
2001,58800.0,2.3,0,9000.0,0.0
2016,30700.0,1.6,1,21500.0,0.0
2005,104000.0,3.8,0,44800.0,0.0
2019,139116.0,3.6,1,24899.0,1.0
2019,36700.0,3.0,1,48990.0,0.0
2022,24500.0,2.0,0,82150.0,0.0
2017,65000.0,5.7,1,65000.0,0.0
2020,41000.0,3.5,0,38700.0,0.0
2011,47400.0,6.3,1,41000.0,0.0
2002,40110.0,3.9,0,18500.0,0.0
2014,124700.0,6.4,0,30000.0,0.0
2013,31000.0,6.2,1,35000.0,0.0
2022,7100.0,2.5,0,49000.0,0.0
2009,107500.0,2.0,0,9500.0,0.0
2023,1518.0,3.0,0,194965.0,0.0
2023,5200.0,6.2,0,88900.0,0.0
1999,48054.0,4.6,0,9500.0,0.0
2018,87500.0,2.0,0,28000.0,0.0
2012,106335.0,3.7,0,19000.0,0.0
2017,133598.0,5.3,1,29999.0,1.0
2018,68455.0,3.6,0,30989.0,1.0
2018,28690.0,3.0,0,38880.0,0.0
2012,83000.0,4.0,1,31000.0,0.0
2019,38600.0,6.7,0,54500.0,0.0
2019,92000.0,3.5,1,30000.0,0.0
2009,134000.0,2.0,1,9500.0,0.0
2012,103000.0,4.6,0,20500.0,0.0
2004,176261.0,2.4,0,3750.0,0.0
2010,58500.0,4.6,1,20000.0,0.0
2018,64000.0,6.7,0,64000.0,0.0
2016,24881.0,2.7,1,49999.0,0.0
1998,134000.0,5.7,0,11500.0,0.0
2013,82900.0,3.5,1,16000.0,0.0
2008,59257.0,3.0,0,18200.0,0.0
2016,81400.0,3.5,1,26000.0,0.0
2022,5100.0,1.6,0,19500.0,0.0
2020,67072.0,3.5,0,38500.0,0.0
2016,65000.0,2.0,0,19500.0,0.0
2014,80800.0,2.5,0,10000.0,0.0
2020,53401.0,3.5,0,39500.0,0.0
2021,15555.0,5.0,0,62890.0,1.0
2006,201509.0,5.7,1,11000.0,0.0
2013,107000.0,1.8,0,14000.0,0.0
2020,30500.0,2.0,0,44000.0,0.0
2011,36000.0,2.7,0,20000.0,0.0
2019,38514.0,6.2,1,45998.0,0.0
2022,4590.0,2.0,0,64000.0,0.0
2019,97000.0,6.7,1,45000.0,0.0
2011,110000.0,3.0,1,6000.0,0.0
2017,53000.0,3.5,1,25000.0,0.0
2016,110000.0,5.3,0,30999.0,0.0
2006,218000.0,2.0,1,4999.0,0.0
2003,106500.0,3.5,0,9500.0,0.0
2012,140500.0,6.0,0,11800.0,0.0
2010,144200.0,4.0,0,9999.0,0.0
2022,21400.0,3.0,0,69000.0,0.0
2015,130000.0,4.7,0,24500.0,0.0
2012,108045.0,2.0,0,6500.0,0.0
2022,10000.0,2.0,0,28000.0,0.0
2011,75000.0,3.8,1,12000.0,0.0
2009,73500.0,3.3,1,7858.0,0.0
2018,29850.0,4.0,0,89750.0,0.0
2016,135350.0,3.5,1,19900.0,0.0
2019,35580.0,3.0,0,49500.0,0.0
2020,71200.0,2.0,0,18900.0,0.0
2015,109330.0,2.0,0,13349.0,0.0
2007,90400.0,4.7,0,10199.0,0.0
2002,192100.0,4.0,1,6450.0,0.0
2018,32000.0,3.0,0,70000.0,0.0
2022,6400.0,2.0,0,41500.0,0.0
2021,36180.0,4.0,0,36990.0,0.0
2014,142400.0,5.3,1,13500.0,0.0
2016,83000.0,2.0,0,16500.0,0.0
2012,80000.0,4.0,0,14800.0,0.0
2021,32437.0,2.7,0,51000.0,0.0
2011,67500.0,3.0,0,18000.0,0.0
2018,12088.0,3.8,0,169000.0,0.0
2005,170000.0,4.7,1,11200.0,0.0
2023,3763.0,6.7,0,92000.0,0.0
2018,46000.0,3.0,0,40000.0,0.0
2008,190321.0,6.4,0,15900.0,0.0
2018,40950.0,3.0,0,39750.0,0.0
2014,42000.0,6.2,0,45000.0,0.0
2014,135000.0,3.5,0,8500.0,0.0
2023,1877.0,3.0,0,185950.0,0.0
2019,33000.0,6.7,0,59000.0,0.0
2016,68000.0,2.5,0,12500.0,0.0
2013,405000.0,2.4,0,6000.0,0.0
2018,117000.0,2.0,0,17000.0,0.0
2007,183455.0,3.7,1,7700.0,0.0
2021,51890.0,5.3,0,59980.0,1.0
2021,59528.0,6.2,0,68995.0,1.0
2006,123000.0,6.0,0,15000.0,0.0
2008,44300.0,2.2,0,62000.0,0.0
2010,123500.0,2.4,1,9500.0,0.0
2013,134000.0,5.4,0,21500.0,0.0
2020,57000.0,3.5,1,37500.0,0.0
2014,15889.0,2.0,0,34500.0,0.0
2015,125500.0,2.0,1,12950.0,0.0
2013,163500.0,5.4,0,16490.0,0.0
2015,89726.0,3.6,0,16000.0,0.0
2005,93000.0,5.5,0,22500.0,0.0
2012,128000.0,1.6,0,8500.0,0.0
2017,70800.0,4.8,0,52999.0,0.0
2009,115000.0,2.4,0,4400.0,0.0
2018,98650.0,6.7,0,56750.0,0.0
2019,87768.0,5.7,0,44000.0,0.0
2023,6000.0,3.6,0,48500.0,0.0
2023,16200.0,2.5,0,36900.0,0.0
2012,87500.0,3.6,0,11499.0,0.0
2013,85458.0,1.4,0,9000.0,0.0
2009,83853.0,1.6,1,6950.0,0.0
2022,22500.0,4.4,1,74999.0,0.0
2013,99524.0,4.6,1,24900.0,0.0
2023,8100.0,2.5,0,57300.0,0.0
2011,118000.0,5.7,1,12500.0,0.0
2018,65290.0,3.5,1,26450.0,0.0
2020,13000.0,3.6,0,39500.0,0.0
2018,29475.0,6.2,0,62999.0,0.0
2017,78717.0,2.4,0,17500.0,0.0
2021,9142.0,3.5,0,61500.0,0.0
2011,106000.0,5.0,1,9400.0,0.0
2022,3521.0,5.7,0,51074.0,1.0
2016,90000.0,2.0,0,16750.0,0.0
2016,46000.0,3.6,0,38000.0,0.0
2020,18362.0,3.0,0,60000.0,0.0
2013,164500.0,3.5,1,16500.0,0.0
2020,55018.0,1.5,1,25500.0,0.0
2022,14280.0,2.0,0,36500.0,0.0
2013,116000.0,2.5,1,12500.0,0.0
2020,45000.0,2.3,0,33500.0,0.0
2013,102000.0,3.5,0,23000.0,0.0
2004,163000.0,6.0,1,18000.0,0.0
2023,3500.0,4.4,0,129000.0,0.0
2016,42526.0,4.8,0,66200.0,0.0
2012,144900.0,2.0,0,6000.0,0.0
2016,85000.0,5.3,0,32750.0,0.0
2022,16113.0,3.0,0,111000.0,0.0
2011,93000.0,4.7,1,11900.0,0.0
2022,11468.0,5.7,0,50204.0,1.0
2019,25470.0,2.0,0,32500.0,0.0
2014,90347.0,3.0,0,21800.0,0.0
2017,96000.0,5.3,0,34000.0,0.0
2016,80500.0,3.5,0,23000.0,0.0
2021,35000.0,2.0,0,37499.0,0.0
1995,49900.0,,1,97993.0,0.0
2020,121212.0,1.5,1,18387.0,1.0
2022,13500.0,2.9,0,86999.0,0.0
2019,33214.0,2.0,0,43500.0,0.0
2017,29719.0,6.2,0,31000.0,0.0
2022,4520.0,2.0,0,38500.0,0.0
2019,72150.0,3.5,1,26999.0,0.0
2015,94500.0,5.3,1,30000.0,0.0
2017,88454.0,4.7,0,39999.0,0.0
2010,81696.0,3.0,1,9499.0,0.0
2005,94100.0,3.6,0,6099.0,0.0
2022,17500.0,3.3,0,46000.0,0.0
2022,4437.0,3.5,0,42000.0,0.0
2018,70500.0,2.0,0,23000.0,0.0
1994,89144.0,,0,5899.0,0.0
2008,170000.0,1.8,0,5199.0,0.0
2008,122000.0,2.4,0,10500.0,0.0
2010,120321.0,4.6,0,10500.0,0.0
2004,178000.0,2.5,0,5750.0,0.0
2002,60255.0,3.2,0,28750.0,0.0
2019,77690.0,3.0,0,43500.0,0.0
2009,18000.0,6.2,0,78000.0,0.0
2001,125000.0,2.2,0,18000.0,0.0
2019,33000.0,2.0,0,27500.0,0.0
2009,87130.0,5.6,0,20000.0,0.0
1998,165000.0,3.0,0,8700.0,0.0
2008,73000.0,3.3,1,11500.0,0.0
2019,60807.0,2.0,1,25925.0,1.0
2014,105000.0,2.0,0,10950.0,0.0
2018,63400.0,3.0,0,29900.0,0.0
2022,4500.0,7.3,0,86500.0,0.0
2020,8025.0,3.6,0,42433.0,1.0
2016,62285.0,3.0,1,29950.0,0.0
2021,5040.0,3.5,1,48900.0,0.0
2015,98385.0,2.4,1,10500.0,0.0
2013,43903.0,2.4,1,12500.0,0.0
2017,41650.0,2.3,0,23600.0,0.0
2022,31850.0,3.0,0,60500.0,0.0
2013,96419.0,2.4,1,14999.0,0.0
2007,170000.0,3.5,0,7700.0,0.0
2009,139000.0,5.3,0,14500.0,0.0
2016,134655.0,3.6,0,18051.0,1.0
2015,81000.0,3.0,0,27890.0,0.0
2020,9989.0,4.0,0,324995.0,0.0
2007,4048.0,6.0,0,38000.0,0.0
2015,79876.0,5.5,0,45750.0,0.0
2021,44000.0,,0,18500.0,0.0
2019,65019.0,3.0,0,40500.0,0.0
2009,133409.0,3.7,1,14999.0,0.0
2018,74381.0,2.0,1,22995.0,0.0
2023,2925.0,2.0,0,73300.0,1.0
2013,67874.0,3.0,0,18000.0,0.0
2018,71500.0,5.5,0,61000.0,0.0
2014,71000.0,3.6,0,22000.0,0.0
2018,64517.0,3.5,0,47995.0,0.0
2004,55000.0,2.7,0,24000.0,0.0
2019,7580.0,4.4,0,51500.0,0.0
2010,135000.0,2.4,0,3999.0,0.0
2019,62200.0,1.5,1,21500.0,0.0
2014,69001.0,3.6,0,19500.0,0.0
2006,78049.0,4.2,0,13980.0,0.0
2021,23292.0,6.2,0,73500.0,0.0
2010,162671.0,5.3,0,12000.0,0.0
2010,100472.0,3.2,0,9975.0,0.0
2017,73120.0,2.0,1,19950.0,0.0
2022,23300.0,3.5,0,67500.0,0.0
2018,71000.0,1.5,1,17500.0,0.0
2011,240000.0,6.6,0,18500.0,0.0
2013,119755.0,3.5,0,19500.0,0.0
2015,88000.0,3.5,0,19500.0,0.0
2021,41000.0,3.0,0,50000.0,0.0
2022,7458.0,6.2,0,47500.0,0.0
2022,23000.0,3.6,0,43000.0,0.0
1998,149437.0,4.0,0,9995.0,0.0
2017,244000.0,6.7,0,35500.0,0.0
2019,46000.0,3.6,0,37900.0,0.0
2017,45000.0,5.7,0,29999.0,0.0
2021,18385.0,2.5,0,29255.0,1.0
2005,44400.0,3.2,0,29800.0,0.0
2016,104000.0,2.5,0,10500.0,0.0
2023,600.0,6.2,0,103000.0,0.0
2007,45000.0,1.6,0,7900.0,0.0
2022,24500.0,3.6,0,64000.0,0.0
2020,35000.0,3.5,0,36999.0,0.0
2003,165000.0,3.5,1,4000.0,0.0
2021,15000.0,3.0,0,69000.0,0.0
2014,119750.0,3.0,0,15499.0,0.0
2007,90000.0,3.5,1,12000.0,0.0
2015,112000.0,2.5,1,14500.0,0.0
2008,150000.0,5.5,0,16800.0,0.0
2021,1912.0,3.8,0,240000.0,0.0
2015,82900.0,2.0,1,13995.0,0.0
2004,79500.0,1.8,0,12000.0,0.0
2019,60000.0,2.0,0,37000.0,0.0
2021,41800.0,3.0,0,44900.0,0.0
2021,71536.0,5.3,0,49685.0,1.0
2014,127558.0,3.5,0,13715.0,1.0
2017,39000.0,6.2,0,31500.0,0.0
2023,11500.0,2.7,0,54490.0,0.0
2020,22200.0,3.6,0,36800.0,0.0
2021,32000.0,5.7,0,50927.0,0.0
2020,14700.0,2.0,0,27350.0,0.0
2016,79995.0,4.4,0,23995.0,0.0
2018,76000.0,6.2,0,44500.0,0.0
2014,62000.0,2.4,1,18987.0,0.0
2017,53500.0,3.0,0,28700.0,0.0
2014,86500.0,3.0,0,20900.0,0.0
2011,148000.0,4.7,1,9900.0,0.0
2014,100080.0,4.3,0,22989.0,0.0
2023,3099.0,3.0,0,74995.0,0.0
2020,78000.0,5.7,1,29500.0,0.0
2022,16700.0,1.5,0,31000.0,0.0
2015,51300.0,1.8,0,17500.0,0.0
2018,8237.0,5.2,0,62900.0,0.0
2010,99000.0,2.5,1,6000.0,0.0
2021,62377.0,2.5,0,26288.0,1.0
2009,130000.0,3.8,0,15500.0,0.0
2016,94300.0,6.2,1,28999.0,0.0
2016,82000.0,2.0,1,16995.0,0.0
2021,67686.0,1.6,0,15700.0,0.0
1997,131000.0,4.0,1,5500.0,0.0
2018,31000.0,3.9,0,197499.0,0.0
2021,28898.0,4.4,0,71000.0,0.0
2022,7250.0,2.0,0,35619.0,0.0
2014,59459.0,6.7,1,40999.0,0.0
2012,78000.0,3.6,1,22000.0,0.0
2021,24213.0,5.7,0,46500.0,0.0
2016,107750.0,6.2,0,35500.0,0.0
2016,117000.0,3.5,0,26500.0,0.0
2006,39132.0,6.0,0,35000.0,0.0
2004,94500.0,2.5,0,9000.0,0.0
2017,50011.0,2.0,1,21495.0,0.0
2004,215000.0,4.7,1,7350.0,0.0
2022,33818.0,5.0,0,46552.0,1.0
2022,9099.0,5.7,0,68362.0,1.0
2008,95798.0,2.0,0,9850.0,0.0
2016,35943.0,5.5,0,51700.0,0.0
2008,106000.0,2.3,0,4300.0,0.0
2023,10400.0,3.8,0,48000.0,0.0
2022,2894.0,5.3,0,63900.0,0.0
2022,15592.0,3.6,0,39985.0,1.0
2020,33548.0,4.0,0,57999.0,0.0
2016,185000.0,2.0,1,7500.0,0.0
2017,62000.0,6.2,0,34500.0,0.0
2017,101453.0,3.0,1,18500.0,0.0
2013,106385.0,6.7,1,42900.0,0.0
2012,86629.0,3.0,0,20995.0,0.0
2018,61258.0,4.0,0,49999.0,0.0
2014,121500.0,5.7,0,15999.0,0.0
2022,100.0,3.0,0,62499.0,0.0
2015,170000.0,3.6,1,5995.0,0.0
2010,232000.0,4.6,0,3000.0,0.0
2006,95000.0,1.6,0,12500.0,0.0
2013,103466.0,3.5,1,14200.0,0.0
2011,133121.0,2.4,1,7900.0,0.0
2012,162731.0,5.3,0,14500.0,0.0
2021,568.0,5.2,0,90788.0,0.0
1999,249083.0,3.0,1,3500.0,0.0
2015,80300.0,3.0,0,23999.0,0.0
2004,187000.0,5.4,0,6299.0,0.0
2009,181870.0,2.5,0,6500.0,0.0
2020,37000.0,3.0,1,50000.0,0.0
2006,152000.0,4.7,1,13995.0,0.0
2004,60260.0,5.4,1,30500.0,0.0
2004,33362.0,1.8,1,17599.0,0.0
2021,47907.0,3.6,0,38436.0,1.0
2016,17340.0,2.0,0,29000.0,0.0
1994,85000.0,,0,7900.0,0.0
2011,195500.0,5.4,0,8999.0,0.0
2000,74000.0,3.8,0,4700.0,0.0
2015,140500.0,5.7,1,14000.0,0.0
2006,212500.0,3.7,0,6500.0,0.0
2010,77400.0,5.0,1,34500.0,0.0
2017,118000.0,3.5,0,15000.0,0.0
2005,4400.0,5.7,0,1599000.0,0.0
2016,146200.0,6.2,0,24500.0,0.0
2005,130000.0,5.3,0,7200.0,0.0
2021,33080.0,2.7,0,47850.0,0.0
2016,41000.0,3.6,0,25000.0,0.0
2004,110897.0,3.5,1,11500.0,0.0
2016,49000.0,6.2,0,75000.0,0.0
2007,47000.0,2.0,0,13300.0,0.0
2018,57690.0,2.4,1,15900.0,0.0
2012,17941.0,6.2,0,226000.0,1.0
2018,54000.0,3.5,1,46500.0,0.0
2007,101600.0,3.5,0,6700.0,0.0
2021,89000.0,2.3,0,34000.0,0.0
2017,55000.0,3.0,0,25000.0,0.0
2017,71964.0,2.0,0,18750.0,0.0
2020,92000.0,6.2,0,50000.0,0.0
2012,160000.0,3.0,0,4500.0,0.0
2012,95816.0,3.5,0,12000.0,0.0
2014,132600.0,3.6,1,17000.0,0.0
1994,47000.0,,0,5990.0,0.0
2010,149460.0,3.8,0,10700.0,0.0
2019,59000.0,1.4,0,17000.0,0.0
2002,48000.0,5.7,0,21999.0,0.0
2016,41500.0,6.2,0,66000.0,0.0
2012,54000.0,3.4,0,75000.0,0.0
2018,70455.0,3.6,0,45855.0,0.0
2018,84054.0,2.0,0,21499.0,0.0
2007,114528.0,4.8,0,9000.0,0.0
2013,111850.0,3.6,1,26500.0,0.0
2020,52673.0,6.6,0,69500.0,0.0
2021,31500.0,3.0,0,54500.0,0.0
2011,73000.0,3.0,0,16000.0,0.0
2019,59692.0,3.6,0,35900.0,0.0
2016,68364.0,1.8,0,16000.0,0.0
2017,47200.0,3.0,1,29000.0,0.0
2021,18000.0,3.0,1,62000.0,0.0
2012,158366.0,2.5,1,8250.0,0.0
2017,49700.0,2.0,0,26000.0,0.0
2010,81500.0,2.4,0,12250.0,0.0
2003,16100.0,4.6,0,35500.0,0.0
2020,54225.0,5.0,0,67500.0,0.0
2016,89500.0,6.4,0,35000.0,0.0
2013,87501.0,4.6,1,17777.0,0.0
2018,12370.0,2.0,0,28900.0,0.0
2019,12466.0,5.7,0,28995.0,0.0
2011,199000.0,2.5,1,5500.0,0.0
2007,78200.0,5.5,1,22999.0,0.0
2018,22000.0,2.5,0,29500.0,0.0
2016,100795.0,3.6,1,12995.0,1.0
2019,99941.0,3.6,0,17816.0,1.0
2003,103000.0,3.7,0,5200.0,0.0
2009,91491.0,4.2,0,7000.0,0.0
2019,77000.0,2.5,1,18749.0,0.0
2019,20500.0,3.0,0,76000.0,0.0
2019,49810.0,3.5,1,33900.0,0.0
2021,10558.0,2.9,0,75000.0,0.0
2005,59300.0,3.0,0,30900.0,0.0
2004,34254.0,5.5,0,64250.0,0.0
2016,139200.0,2.1,1,22000.0,0.0
2012,82046.0,3.5,0,13999.0,0.0
1997,285000.0,5.2,0,6399.0,0.0
2016,127131.0,2.5,1,16770.0,0.0
2019,31000.0,3.8,0,179900.0,0.0
2021,27000.0,2.0,0,38400.0,0.0
2015,93400.0,3.6,0,18900.0,0.0
2021,9200.0,3.0,1,71200.0,0.0
2014,76850.0,4.7,1,32999.0,0.0
2016,61160.0,6.0,1,98000.0,0.0
2005,146000.0,4.0,1,15900.0,0.0
2017,33850.0,1.8,0,16500.0,0.0
2006,192000.0,4.3,1,7390.0,0.0
2014,83112.0,3.5,0,15500.0,0.0
2020,57300.0,5.7,0,43500.0,0.0
2008,104500.0,1.6,1,4100.0,0.0
1996,170552.0,4.0,1,6500.0,0.0
2013,18000.0,5.0,0,29000.0,0.0
2019,39000.0,3.5,0,51999.0,0.0
2020,38000.0,3.6,0,45000.0,0.0
2016,15168.0,3.8,0,115000.0,0.0
2012,167506.0,1.8,0,6500.0,0.0
2012,166000.0,3.6,1,13000.0,0.0
2021,19200.0,5.2,0,82950.0,0.0
2022,46000.0,3.0,0,75000.0,0.0
2007,201000.0,3.7,1,7200.0,0.0
2014,87000.0,2.4,1,8900.0,0.0
2015,145000.0,5.3,0,24950.0,0.0
2020,33060.0,3.6,0,36500.0,0.0
1995,195000.0,,0,15000.0,0.0
2014,89500.0,3.0,0,18000.0,0.0
2021,27000.0,3.6,0,37500.0,0.0
2010,87250.0,3.8,0,18500.0,0.0
2016,76495.0,2.0,1,13000.0,0.0
2016,70503.0,3.6,0,15500.0,0.0
2009,41965.0,4.8,1,35000.0,0.0
1999,267000.0,2.7,1,8000.0,0.0
2003,146000.0,3.0,1,4200.0,0.0
2023,9000.0,6.2,0,82500.0,0.0
2022,1050.0,2.4,0,40000.0,0.0
2012,19900.0,5.0,0,26500.0,0.0
2012,113500.0,5.7,0,17900.0,0.0
2013,22000.0,5.2,0,150000.0,0.0
2022,3300.0,3.0,0,54000.0,0.0
2015,27000.0,4.4,0,52500.0,0.0
2022,22101.0,1.6,1,29430.0,1.0
2013,46452.0,2.0,0,22888.0,0.0
2019,36000.0,2.0,0,26500.0,0.0
2019,13100.0,6.2,0,61950.0,0.0
2019,50000.0,2.0,1,27000.0,0.0
2018,19500.0,2.5,0,32250.0,0.0
2016,36000.0,5.0,1,31000.0,0.0
2022,6640.0,6.2,0,51999.0,0.0
2016,74850.0,3.0,1,21900.0,0.0
2014,117000.0,3.5,1,10900.0,0.0
2022,6000.0,3.5,0,57999.0,0.0
2006,128000.0,2.0,0,37999.0,0.0
2021,15000.0,2.0,0,39995.0,0.0
2016,119000.0,5.7,0,29950.0,0.0
2006,87500.0,5.4,1,12999.0,0.0
2011,149000.0,3.5,0,7999.0,0.0
2015,54700.0,2.0,1,20995.0,0.0
2021,45979.0,3.5,0,38532.0,1.0
2017,56846.0,2.7,0,29000.0,0.0
2017,80150.0,3.6,1,22500.0,0.0
2013,11563.0,2.4,1,12300.0,0.0
2021,15615.0,3.0,0,78000.0,0.0
2013,113000.0,2.5,1,16000.0,0.0
2018,74000.0,2.4,0,15000.0,0.0
2011,99200.0,3.5,0,11900.0,0.0
2018,36824.0,2.0,0,23999.0,0.0
2005,186040.0,2.0,1,6700.0,0.0
2020,58000.0,3.6,0,27700.0,0.0
2020,31250.0,2.7,0,42500.0,0.0
2020,43000.0,3.6,0,46500.0,0.0
2022,12900.0,3.5,0,53000.0,0.0
2020,74725.0,1.5,0,21612.0,1.0
2021,61117.0,2.5,0,26485.0,1.0
2003,142000.0,2.5,1,4800.0,0.0
2019,31000.0,,0,34700.0,0.0
2012,129355.0,1.5,1,7950.0,0.0
2010,204000.0,5.3,1,4900.0,0.0
2016,115600.0,3.5,0,22500.0,0.0
2023,1563.0,3.6,0,62500.0,0.0
2007,72166.0,6.0,1,35995.0,0.0
2018,26100.0,3.5,0,37899.0,0.0
2017,58880.0,2.0,0,21000.0,0.0
2021,26000.0,6.2,0,104000.0,0.0
2008,190640.0,1.8,1,5500.0,0.0
2020,37500.0,3.0,0,59900.0,0.0
2013,225000.0,2.5,0,13600.0,0.0
2014,123256.0,4.6,0,24995.0,0.0
2021,11459.0,6.2,0,88900.0,0.0
2016,67289.0,2.0,0,20490.0,0.0
2013,56837.0,1.6,1,10500.0,0.0
2002,44168.0,5.7,0,30000.0,0.0
2018,56300.0,3.3,0,29950.0,0.0
2004,167000.0,2.5,0,8000.0,0.0
2015,122770.0,6.0,0,27499.0,0.0
2019,59271.0,3.0,0,54995.0,0.0
2015,102000.0,5.3,1,24500.0,0.0
2020,40929.0,5.3,1,44800.0,1.0
2019,22000.0,3.8,0,174900.0,0.0
2022,19200.0,6.2,0,69790.0,0.0
2019,32376.0,4.0,0,128000.0,0.0
2023,19800.0,3.0,0,134900.0,0.0
2011,105000.0,5.0,0,10000.0,0.0
2016,122650.0,6.7,0,38900.0,0.0
2022,14000.0,2.4,0,34999.0,0.0
2008,100868.0,4.6,0,15397.0,0.0
2013,111000.0,5.0,1,15000.0,0.0
2021,38500.0,6.2,1,94995.0,0.0
2020,41250.0,3.5,0,21865.0,0.0
2006,99600.0,1.6,0,5500.0,0.0
2013,198000.0,2.0,1,11000.0,0.0
2013,52044.0,3.8,0,76500.0,0.0
2022,23777.0,2.0,0,30000.0,0.0
2018,60660.0,3.5,1,46900.0,0.0
2018,61000.0,2.5,0,21800.0,0.0
2020,53750.0,3.5,0,32600.0,0.0
2006,96275.0,3.6,1,52500.0,0.0
2015,162000.0,6.7,0,32000.0,0.0
2019,92040.0,2.0,0,24999.0,1.0
2017,73690.0,5.7,1,27000.0,0.0
2009,48750.0,2.7,0,17900.0,0.0
2011,124542.0,3.0,0,8450.0,0.0
2010,69000.0,4.6,0,20000.0,0.0
2004,148000.0,5.9,0,19000.0,0.0
2006,122141.0,4.8,0,10500.0,0.0
2012,106000.0,2.5,0,15000.0,0.0
2017,113294.0,2.0,1,16500.0,0.0
2018,54800.0,5.7,1,37050.0,0.0
2017,161000.0,3.5,0,17500.0,0.0
2019,28755.0,3.0,0,61350.0,0.0
2016,52105.0,2.0,1,20499.0,0.0
2018,119950.0,5.6,0,20999.0,0.0
2003,80081.0,5.0,0,12500.0,0.0
2021,24500.0,4.0,0,165000.0,0.0
2021,4100.0,3.6,0,55000.0,0.0
2020,9670.0,3.0,0,103500.0,0.0
2017,63250.0,3.6,0,18650.0,0.0
2017,69431.0,2.7,0,26500.0,0.0
2015,108044.0,5.7,0,31380.0,1.0
2008,98000.0,3.0,0,13998.0,0.0
2019,52253.0,2.0,0,34500.0,0.0
2022,23850.0,6.7,0,99750.0,0.0
2015,1500.0,3.0,0,39500.0,0.0
2021,40000.0,3.6,0,32500.0,0.0
2012,38718.0,3.0,0,31000.0,0.0
2021,13344.0,3.0,0,56500.0,0.0
2018,51850.0,3.0,0,28900.0,0.0
2002,119500.0,3.6,1,36995.0,0.0
2021,30918.0,3.5,0,51999.0,0.0
2023,1100.0,6.2,0,92000.0,0.0
2019,40000.0,2.0,0,27900.0,0.0
2005,100500.0,5.7,0,9998.0,0.0
2020,54320.0,6.2,1,67000.0,0.0
2018,49000.0,2.0,0,23450.0,0.0
2020,28000.0,3.0,0,134999.0,0.0
2022,1750.0,4.0,0,275000.0,0.0
2007,130000.0,4.6,1,3499.0,0.0
2023,3721.0,2.0,0,69645.0,1.0
2016,78101.0,4.7,0,34500.0,0.0
2017,54000.0,1.5,1,16000.0,0.0
2011,185000.0,3.5,1,7500.0,0.0
2015,49000.0,1.8,0,23500.0,0.0
2024,2043.0,6.6,0,81500.0,0.0
2016,71750.0,3.5,0,28000.0,0.0
2019,42200.0,2.0,0,27500.0,0.0
2020,42717.0,2.0,0,33500.0,0.0
2018,37777.0,2.0,0,32500.0,0.0
2014,163019.0,2.0,1,8900.0,0.0
2020,14220.0,2.0,0,35500.0,0.0
2002,117200.0,3.2,0,15000.0,0.0
2016,25000.0,5.0,0,65000.0,0.0
2013,33300.0,3.7,0,21990.0,0.0
2007,123921.0,5.4,0,6900.0,0.0
2021,12800.0,2.0,0,39990.0,0.0
2015,21100.0,4.7,0,80000.0,0.0
2009,104733.0,5.3,0,15000.0,0.0
2020,53000.0,3.5,1,38500.0,0.0
2020,63875.0,5.7,1,41900.0,0.0
2023,12500.0,2.5,0,29999.0,0.0
2001,103990.0,3.0,0,10500.0,0.0
2022,7000.0,6.2,0,50000.0,0.0
2023,9000.0,6.2,0,92000.0,0.0
2007,7800.0,2.0,0,19000.0,0.0
2017,69289.0,3.6,1,20997.0,0.0
2011,106000.0,3.5,1,16600.0,0.0
2020,68000.0,3.5,1,55999.0,0.0
2019,13828.0,3.5,0,43000.0,0.0
2018,39600.0,2.0,0,26999.0,0.0
2003,92000.0,2.4,0,12500.0,0.0
2022,5020.0,3.5,0,36500.0,0.0
2007,107800.0,6.0,1,15000.0,0.0
2019,23827.0,2.0,0,34995.0,0.0
2020,25300.0,3.0,0,39900.0,0.0
2016,399000.0,3.0,1,24500.0,0.0
2005,46200.0,3.6,0,49999.0,0.0
2022,3158.0,6.2,0,85989.0,0.0
2021,26000.0,2.0,0,30900.0,0.0
2020,12758.0,3.0,0,107900.0,0.0
2007,123500.0,6.0,1,27000.0,0.0
2018,26840.0,5.0,0,42500.0,0.0
2021,17836.0,2.0,0,31933.0,1.0
2012,114500.0,6.2,0,16100.0,0.0
2022,5400.0,6.2,0,89900.0,0.0
2016,17500.0,1.8,0,15100.0,0.0
2017,56000.0,4.8,0,44600.0,0.0
2020,20800.0,1.4,0,19000.0,0.0
2015,107543.0,1.8,0,13200.0,0.0
2012,206000.0,4.0,0,5000.0,0.0
2018,37100.0,5.0,0,46000.0,0.0
2019,19813.0,3.0,0,51900.0,0.0
2010,208321.0,2.7,0,3500.0,0.0
2012,200000.0,4.6,1,9995.0,0.0
2012,66000.0,1.6,0,10999.0,0.0
2018,41000.0,6.0,0,113000.0,0.0
2019,20623.0,2.0,0,36800.0,0.0
2018,86000.0,3.5,0,26900.0,0.0
2016,51354.0,4.0,0,73000.0,0.0
2021,38000.0,6.4,0,72980.0,0.0
2015,161000.0,2.5,0,11500.0,0.0
2012,74750.0,1.6,0,12500.0,0.0
2013,67522.0,3.4,1,59500.0,0.0
2012,152000.0,1.6,0,9000.0,0.0
2019,71273.0,2.4,0,23900.0,0.0
2017,37800.0,2.5,0,32500.0,0.0
2019,42000.0,3.0,0,48990.0,0.0
2022,10101.0,1.6,0,44990.0,0.0
2022,7900.0,6.2,0,92500.0,0.0
2017,187141.0,5.6,0,16995.0,0.0
2014,99100.0,4.8,0,32000.0,0.0
2021,33500.0,2.4,0,34000.0,0.0
2016,102665.0,3.5,0,15450.0,0.0
2001,52675.0,4.6,0,16995.0,0.0
2017,59203.0,2.0,0,23000.0,0.0
2009,60100.0,5.5,0,27000.0,0.0
2021,43238.0,4.0,0,76400.0,0.0
2007,118000.0,1.6,0,3600.0,0.0
2021,17300.0,2.3,0,31000.0,0.0
2016,64800.0,4.0,0,50000.0,0.0
2015,15167.0,3.0,0,35000.0,0.0
2016,64600.0,3.6,0,41000.0,0.0
2022,31112.0,6.4,0,83000.0,0.0
2011,63500.0,1.6,0,10500.0,0.0
2001,64776.0,3.8,0,7500.0,0.0
2013,135000.0,4.4,1,14000.0,0.0
2013,208864.0,3.2,1,7500.0,0.0
2016,49872.0,3.0,1,21500.0,0.0
2009,90367.0,1.6,0,9250.0,0.0
2014,36670.0,3.8,0,82499.0,0.0
2023,3752.0,6.4,0,84620.0,1.0
2020,9100.0,3.6,0,49895.0,0.0
2017,100600.0,,0,10000.0,0.0
2011,223824.0,2.5,1,4500.0,0.0
2016,96000.0,2.0,0,21990.0,0.0
2004,185000.0,5.3,1,10500.0,0.0
2017,96400.0,2.0,1,18500.0,0.0
2018,67865.0,6.4,0,36500.0,0.0
2015,64300.0,5.0,0,44850.0,0.0
2018,76500.0,3.6,0,33500.0,0.0
2017,96343.0,6.6,1,53000.0,0.0
2018,74600.0,2.0,0,24000.0,0.0
2014,157530.0,2.5,1,9995.0,1.0
2012,80000.0,3.6,0,30000.0,0.0
2021,19000.0,2.0,0,37999.0,0.0
2013,64000.0,3.8,1,67000.0,0.0
2019,34068.0,3.0,0,46900.0,0.0
2021,20104.0,2.0,0,33295.0,1.0
2022,8400.0,5.6,0,59950.0,0.0
2021,24670.0,6.2,0,72500.0,0.0
2013,16478.0,5.8,0,66400.0,0.0
2018,52500.0,5.0,0,35000.0,0.0
2004,92500.0,4.5,0,12000.0,0.0
2008,62930.0,3.8,1,10000.0,0.0
2007,116600.0,4.7,0,19975.0,0.0
2010,172024.0,3.7,1,7500.0,0.0
2012,57237.0,3.6,0,22500.0,0.0
2020,44600.0,2.5,0,28300.0,0.0
2013,181830.0,3.6,0,21000.0,0.0
2021,39948.0,2.4,0,36791.0,1.0
2017,156453.0,6.7,0,40000.0,0.0
2014,156193.0,4.8,0,36000.0,0.0
2020,27989.0,2.0,0,29000.0,0.0
2014,146700.0,4.0,1,24999.0,0.0
2019,88450.0,6.2,1,42900.0,0.0
2020,14065.0,2.0,1,27671.0,1.0
2020,49000.0,5.3,0,44900.0,0.0
2013,58000.0,4.4,0,17900.0,0.0
2021,22800.0,3.0,0,52000.0,0.0
2014,78007.0,2.5,0,14750.0,0.0
2020,36500.0,6.7,0,69900.0,0.0
2004,156350.0,2.4,1,3990.0,0.0
2021,17710.0,4.6,0,59000.0,0.0
2013,149000.0,3.5,1,7850.0,0.0
2015,90000.0,2.5,0,16000.0,0.0
2022,9990.0,2.7,0,64500.0,0.0
2015,124250.0,2.0,1,17900.0,0.0
2017,50780.0,6.7,0,61000.0,0.0
1993,115000.0,,0,21900.0,0.0
2005,131000.0,5.4,0,16500.0,0.0
2022,31000.0,3.5,0,43000.0,0.0
2021,24158.0,2.0,0,44900.0,0.0
2016,72865.0,3.0,1,22000.0,0.0
2014,89563.0,3.5,0,18995.0,0.0
2012,72639.0,1.6,1,15000.0,0.0
2012,79000.0,4.6,0,19999.0,0.0
2012,111564.0,2.0,0,11200.0,0.0
2018,75000.0,4.6,1,38095.0,0.0
2007,169613.0,4.0,1,5900.0,0.0
2011,175000.0,3.5,0,9000.0,0.0
2017,98500.0,3.0,0,24500.0,0.0
2012,53000.0,3.6,1,13750.0,0.0
2015,72200.0,6.7,0,52500.0,0.0
2005,151600.0,2.4,0,7899.0,0.0
2011,20000.0,3.5,0,51000.0,0.0
2010,170000.0,5.3,1,9000.0,0.0
2019,69800.0,5.0,0,34600.0,0.0
2020,26300.0,5.7,1,46199.0,0.0
2007,156111.0,1.5,1,5200.0,0.0
2016,172600.0,6.6,1,32500.0,0.0
2010,145000.0,3.5,0,9000.0,0.0
2001,64309.0,5.4,0,7500.0,0.0
2021,15183.0,6.2,0,90000.0,0.0
2022,14000.0,3.6,0,46900.0,0.0
2019,67000.0,3.0,0,44500.0,0.0
2017,84786.0,3.6,0,23500.0,0.0
2008,93000.0,6.2,0,17800.0,0.0
2010,127500.0,3.8,1,6000.0,0.0
2022,16500.0,3.6,0,32900.0,0.0
2013,55700.0,5.0,0,27200.0,0.0
2009,78500.0,2.5,0,12000.0,0.0
2018,48619.0,3.5,0,51499.0,0.0
2021,51105.0,2.0,0,42700.0,1.0
2016,25880.0,3.5,0,25500.0,0.0
2018,25083.0,3.5,1,34955.0,1.0
2002,69300.0,1.8,1,9995.0,0.0
2019,46000.0,3.5,0,40000.0,0.0
2008,141485.0,3.7,1,6500.0,0.0
2018,63990.0,5.7,1,48000.0,0.0
2020,19400.0,3.5,0,58000.0,0.0
2013,129858.0,2.0,1,13490.0,0.0
2012,102000.0,3.2,0,10800.0,0.0
2010,8700.0,2.5,0,39900.0,0.0
2004,148800.0,3.8,0,6500.0,0.0
2012,160249.0,6.2,0,12900.0,0.0
2004,45000.0,3.5,0,6000.0,0.0
2006,169000.0,6.6,0,19500.0,0.0
2017,46000.0,4.0,0,56000.0,0.0
2019,13900.0,3.9,0,315000.0,0.0
2015,38000.0,3.5,0,21900.0,0.0
2006,42000.0,7.0,0,42000.0,0.0
2024,300.0,2.5,0,50999.0,0.0
2008,120800.0,3.5,0,13900.0,0.0
2020,76313.0,2.0,0,35234.0,1.0
2012,104000.0,5.3,1,16500.0,0.0
2010,97097.0,4.6,1,22000.0,0.0
2008,136731.0,3.8,0,15900.0,0.0
2017,40200.0,5.7,1,24000.0,0.0
2021,39105.0,3.0,0,44605.0,1.0
2017,23567.0,4.0,1,215000.0,0.0
2021,12500.0,3.0,1,90000.0,0.0
2019,38900.0,3.6,0,34700.0,0.0
2016,84272.0,3.5,1,25221.0,0.0
2016,58375.0,3.5,0,24999.0,0.0
2007,7346.0,5.4,0,40999.0,0.0
2008,98231.0,6.1,1,15500.0,0.0
2007,56000.0,4.2,0,18000.0,0.0
2020,13935.0,1.5,0,26000.0,0.0
2019,30000.0,2.0,1,21250.0,0.0
2009,106000.0,2.8,0,12950.0,0.0
2014,82978.0,4.4,0,18700.0,0.0
2018,58500.0,3.6,0,35000.0,0.0
2015,92421.0,6.7,0,51900.0,0.0
2020,9927.0,2.5,0,27518.0,1.0
2000,122945.0,4.0,0,13900.0,0.0
2006,110250.0,3.3,0,11000.0,0.0
2011,103010.0,5.6,0,13500.0,0.0
2002,118500.0,5.3,1,5900.0,0.0
2020,41500.0,3.0,0,68000.0,0.0
2020,28000.0,3.0,0,59900.0,0.0
2014,53500.0,3.5,0,24500.0,0.0
2016,86300.0,1.8,1,18000.0,0.0
2022,7738.0,2.4,1,33000.0,0.0
2020,22001.0,6.0,0,173995.0,1.0
2022,14361.0,3.0,0,51500.0,0.0
2016,98000.0,5.3,1,30000.0,0.0
2020,64552.0,3.0,1,36750.0,1.0
2017,103866.0,3.5,1,24700.0,0.0
2019,35650.0,3.0,1,57999.0,0.0
2021,64957.0,3.0,0,39979.0,1.0
2012,33700.0,,0,33500.0,0.0
2012,96653.0,3.0,1,7500.0,0.0
2022,29500.0,3.6,0,31000.0,0.0
2012,69000.0,3.0,1,15900.0,0.0
2005,198000.0,4.7,1,15500.0,0.0
2015,23600.0,3.8,0,132900.0,0.0
2008,170000.0,3.2,0,7000.0,0.0
2008,76500.0,3.5,1,28000.0,0.0
2007,73500.0,3.6,0,75499.0,0.0
2020,29000.0,3.0,0,70000.0,0.0
2017,69404.0,3.0,1,29500.0,0.0
2007,103000.0,3.5,1,12900.0,0.0
2015,70500.0,3.0,1,26500.0,0.0
2016,64000.0,5.0,0,36995.0,0.0
2018,63460.0,6.0,0,33000.0,0.0
2018,32199.0,4.0,0,35500.0,0.0
2020,69487.0,3.8,0,32000.0,0.0
2015,86000.0,6.6,0,49000.0,0.0
2002,70000.0,3.9,1,8000.0,0.0
2017,70000.0,3.6,1,17900.0,0.0
2015,83420.0,2.0,1,16000.0,0.0
2003,189000.0,2.5,1,2899.0,0.0
2017,31500.0,3.0,0,97555.0,0.0
2015,85766.0,2.0,0,13000.0,0.0
2018,92800.0,6.2,0,34000.0,0.0
2021,13970.0,3.0,0,75500.0,0.0
2000,265000.0,4.7,0,15500.0,0.0
2011,95426.0,2.4,0,8000.0,0.0
2001,119900.0,2.0,1,18000.0,0.0
2020,23162.0,2.5,0,25495.0,1.0
2023,3950.0,3.0,0,83500.0,0.0
2006,80000.0,3.8,0,43000.0,0.0
2015,94634.0,6.2,1,32500.0,0.0
2007,65000.0,6.0,1,33885.0,0.0
2008,100000.0,4.6,1,11500.0,0.0
2023,500.0,2.5,0,59500.0,0.0
2021,7856.0,4.0,0,425000.0,1.0
2011,181000.0,2.0,0,5500.0,0.0
2018,48700.0,2.0,0,27900.0,0.0
2009,13500.0,3.6,0,130000.0,0.0
2017,87500.0,2.0,0,20000.0,0.0
2000,45000.0,4.0,0,12500.0,0.0
1996,85760.0,5.7,0,14500.0,0.0
2007,50500.0,3.8,0,56000.0,0.0
2012,1295.0,5.0,0,49990.0,0.0
2017,55000.0,6.2,1,49900.0,0.0
2010,74000.0,1.6,0,9650.0,0.0
2022,14976.0,5.7,0,49999.0,1.0
2010,23133.0,6.2,0,35000.0,0.0
2021,39960.0,5.7,1,28500.0,0.0
2016,76400.0,4.4,1,31300.0,0.0
2022,18533.0,2.3,0,38978.0,1.0
2023,7500.0,6.2,0,92888.0,0.0
2022,26520.0,5.6,1,64000.0,0.0
2014,59500.0,3.0,0,33800.0,0.0
2020,44000.0,3.5,0,34999.0,0.0
2001,111000.0,3.8,0,11000.0,0.0
2016,82260.0,4.0,0,31906.0,1.0
2006,52744.0,3.6,1,37500.0,0.0
2019,28200.0,1.5,1,79950.0,0.0
2000,194277.0,3.0,1,2300.0,0.0
2001,91812.0,5.7,0,12850.0,0.0
2018,84224.0,5.3,0,43775.0,1.0
2018,66690.0,2.0,1,24900.0,0.0
2018,41500.0,3.0,1,39848.0,0.0
2014,85095.0,4.4,1,24900.0,0.0
2015,39000.0,2.5,1,17900.0,0.0
2019,112000.0,6.7,0,61995.0,0.0
2016,90360.0,2.0,1,15499.0,0.0
2020,82146.0,2.3,0,30825.0,1.0
2020,16850.0,5.0,1,41000.0,0.0
2003,101000.0,2.0,0,28000.0,0.0
2015,68750.0,3.0,0,25999.0,0.0
2018,5858.0,6.5,0,491836.0,0.0
2004,143000.0,5.7,0,3200.0,0.0
2005,152270.0,5.6,1,6900.0,0.0
2020,19200.0,5.3,0,69999.0,0.0
2004,64500.0,3.4,0,5900.0,0.0
2011,149000.0,4.0,0,18995.0,0.0
1997,134033.0,5.7,1,7200.0,0.0
2017,71924.0,1.5,0,13700.0,0.0
2014,122200.0,3.6,1,21500.0,0.0
2020,37248.0,3.0,0,54500.0,0.0
1999,88750.0,4.8,0,6800.0,0.0
2015,149130.0,6.7,1,35000.0,0.0
2018,74000.0,3.5,0,27950.0,0.0
2019,44460.0,2.7,0,34500.0,0.0
2015,96000.0,3.6,0,17000.0,0.0
2014,95000.0,5.7,0,17900.0,0.0
2016,49799.0,3.0,0,37500.0,0.0
2006,27407.0,4.6,0,21750.0,0.0
1997,50000.0,4.0,0,6000.0,0.0
2021,2700.0,6.2,0,85950.0,0.0
2012,190000.0,2.0,1,6000.0,0.0
2014,90236.0,2.0,0,9999.0,0.0
2020,4000.0,3.6,0,50000.0,0.0
2022,2220.0,3.0,0,115999.0,0.0
2017,124000.0,6.2,1,32000.0,0.0
2019,45163.0,2.3,0,35690.0,1.0
2020,49400.0,2.0,0,20900.0,0.0
2020,11256.0,3.0,0,124900.0,0.0
2021,13700.0,6.2,0,75000.0,0.0
2011,174678.0,3.2,0,9500.0,0.0
2022,1600.0,3.5,0,59000.0,0.0
2020,69849.0,3.5,0,48149.0,1.0
2008,160000.0,4.0,1,17000.0,0.0
2016,40000.0,,0,9500.0,0.0
2007,228000.0,4.6,1,3850.0,0.0
2008,187000.0,,1,6100.0,0.0
2015,102000.0,2.0,0,17000.0,0.0
2016,48000.0,3.6,1,24995.0,0.0
2012,163500.0,3.6,0,5949.0,0.0
2023,1500.0,3.0,0,149000.0,0.0
2018,66281.0,6.7,0,63500.0,0.0
2014,27300.0,3.5,0,21500.0,0.0
2020,19319.0,2.5,1,24899.0,1.0
2016,32936.0,5.5,1,90000.0,0.0
2017,30450.0,3.0,0,52999.0,0.0
2017,38200.0,3.6,0,29500.0,0.0
2020,26315.0,2.0,0,31871.0,1.0
2003,110000.0,4.8,0,8900.0,0.0
2014,19700.0,2.0,0,13500.0,0.0
2008,192000.0,2.4,1,11000.0,0.0
2017,26000.0,3.0,0,116911.0,0.0
2008,98313.0,2.5,0,7495.0,0.0
2021,66500.0,3.6,0,28500.0,0.0
2021,16100.0,2.0,0,25500.0,0.0
2016,83858.0,5.3,1,27633.0,0.0
2020,24108.0,2.0,0,56000.0,0.0
2020,42609.0,2.3,1,32107.0,1.0
2017,160000.0,2.0,1,7750.0,0.0
2017,121525.0,5.6,1,28500.0,0.0
2023,6423.0,3.8,0,42500.0,0.0
2007,62310.0,2.4,0,12900.0,0.0
2021,21444.0,2.5,0,29995.0,1.0
2015,112000.0,3.5,1,29500.0,0.0
2013,60000.0,3.8,0,16500.0,0.0
2013,153250.0,1.4,0,4399.0,0.0
2019,57000.0,3.6,0,39900.0,0.0
2011,140401.0,5.3,1,16000.0,0.0
2023,5500.0,3.5,0,70000.0,0.0
2022,2010.0,6.2,0,89000.0,0.0
2013,96800.0,2.0,1,11000.0,0.0
2014,34988.0,3.6,0,21500.0,0.0
2012,65750.0,4.0,1,15995.0,0.0
2019,56654.0,6.2,0,43860.0,1.0
2016,140200.0,3.7,0,10500.0,0.0
2016,122971.0,1.4,1,12999.0,1.0
2008,227010.0,4.0,0,3850.0,0.0
2004,271000.0,5.4,1,9500.0,0.0
2022,13800.0,3.8,0,234000.0,0.0
2001,171079.0,5.9,0,27500.0,0.0
2014,102370.0,3.0,0,21373.0,0.0
2011,16000.0,5.2,0,229000.0,0.0
2012,122000.0,1.8,0,15000.0,0.0
2016,48500.0,2.4,0,15999.0,0.0
2018,53500.0,2.7,1,31500.0,0.0
2004,315000.0,6.0,0,9200.0,0.0
2006,158000.0,6.8,1,8500.0,0.0
2019,43850.0,3.3,1,30000.0,0.0
2015,73500.0,2.0,0,19000.0,0.0
2014,153350.0,2.5,1,9000.0,0.0
2019,74000.0,2.0,0,25500.0,0.0
2013,52000.0,2.0,0,17500.0,0.0
2017,145000.0,3.5,1,8500.0,0.0
2020,40971.0,2.4,0,32500.0,0.0
2010,248000.0,5.4,1,14000.0,0.0
2018,38000.0,3.0,0,60500.0,0.0
2016,128000.0,3.5,0,19500.0,0.0
1999,137790.0,2.5,0,12000.0,0.0
2016,92000.0,2.7,0,19995.0,0.0
2001,21450.0,3.4,0,36000.0,0.0
2009,81327.0,6.0,0,17500.0,0.0
2021,72836.0,2.0,0,41000.0,0.0
2020,5072.0,4.0,0,279950.0,1.0
2007,161900.0,4.7,1,4800.0,0.0
2022,24500.0,2.0,0,47000.0,0.0
2018,14993.0,4.4,0,44900.0,0.0
2019,96000.0,1.4,1,14980.0,0.0
2019,35566.0,2.0,1,26000.0,0.0
2008,113000.0,5.0,1,34000.0,0.0
2022,20678.0,2.3,0,46000.0,0.0
2008,10900.0,3.6,0,129000.0,0.0
2012,19079.0,2.4,0,15995.0,0.0
2008,155500.0,1.3,1,6800.0,0.0
2019,35500.0,5.0,0,32300.0,0.0
2021,52253.0,2.5,1,25215.0,1.0
2004,110000.0,3.0,1,8500.0,0.0
2016,59250.0,2.0,0,18999.0,0.0
2008,155000.0,6.2,1,37000.0,0.0
2017,39250.0,3.0,0,28900.0,0.0
2020,23647.0,2.0,0,37998.0,1.0
2014,127941.0,1.6,0,7500.0,0.0
2014,124000.0,5.7,0,24850.0,0.0
2023,1500.0,2.3,0,60000.0,0.0
2014,70700.0,1.6,0,15750.0,0.0
2013,113395.0,6.2,1,18800.0,0.0
2014,65000.0,4.0,0,27999.0,0.0
2019,23350.0,3.0,0,48000.0,0.0
2019,39000.0,3.5,1,34000.0,0.0
2019,48842.0,4.0,1,39857.0,1.0
2015,47800.0,1.4,1,11500.0,0.0
2022,52000.0,2.5,0,28000.0,0.0
2006,16000.0,4.6,0,22000.0,0.0
2023,7102.0,2.0,0,40995.0,1.0
2015,157000.0,3.6,0,17000.0,0.0
2010,179700.0,2.4,1,4500.0,0.0
2006,170000.0,4.3,0,7500.0,0.0
2022,3420.0,6.7,0,399950.0,1.0
2011,110000.0,4.4,1,12000.0,0.0
2016,22500.0,3.4,0,78000.0,0.0
2013,20800.0,2.0,0,19795.0,0.0
2018,100868.0,2.5,1,23400.0,0.0
2012,131986.0,2.0,1,9000.0,0.0
2016,127770.0,1.8,0,13800.0,0.0
2013,56985.0,3.8,0,65900.0,0.0
2014,106000.0,1.8,1,11800.0,0.0
2019,92671.0,6.7,1,50000.0,0.0
2019,49500.0,4.0,0,55900.0,0.0
2020,16741.0,3.0,0,112500.0,0.0
2011,133504.0,5.0,0,23500.0,0.0
2005,162482.0,4.0,0,11000.0,0.0
2002,42000.0,3.9,1,11000.0,0.0
2006,98300.0,5.4,1,15900.0,0.0
2013,82849.0,3.0,0,19999.0,0.0
2009,25500.0,3.8,0,79995.0,0.0
2020,53452.0,2.0,1,16995.0,0.0
2004,40011.0,5.7,0,23500.0,0.0
2018,45800.0,2.0,1,20900.0,0.0
2023,11100.0,2.5,0,40200.0,0.0
2020,36000.0,6.2,0,44000.0,0.0
2013,69750.0,3.0,1,15999.0,0.0
2021,19162.0,2.0,0,38500.0,0.0
2020,17000.0,2.3,1,21000.0,0.0
2019,10832.0,3.0,0,42500.0,0.0
2004,173452.0,1.8,1,4000.0,0.0
2022,28000.0,3.5,0,53500.0,0.0
2019,51984.0,3.0,0,44870.0,0.0
2020,8974.0,6.2,1,79900.0,0.0
2014,99999.0,2.5,0,10998.0,0.0
2017,59400.0,2.0,1,21000.0,0.0
2020,47147.0,3.5,0,23625.0,1.0
2018,53782.0,5.0,1,29950.0,0.0
2011,160000.0,3.5,0,4700.0,0.0
2015,500.0,5.3,1,37000.0,0.0
2018,64000.0,3.6,0,35000.0,0.0
2021,28600.0,1.6,0,23999.0,0.0
2019,26339.0,3.6,1,36750.0,0.0
2008,148740.0,2.5,1,14500.0,0.0
2021,16919.0,6.6,1,73000.0,0.0
2005,170000.0,4.8,1,9000.0,0.0
2013,130000.0,4.6,1,26900.0,0.0
2022,1889.0,2.5,0,32850.0,0.0
2018,62197.0,3.6,0,26691.0,1.0
2016,71000.0,5.0,1,24350.0,0.0
2016,83400.0,2.0,1,22495.0,0.0
2019,74414.0,3.6,0,26000.0,0.0
2010,29816.0,5.4,0,38000.0,0.0
2015,68749.0,6.7,0,45000.0,0.0
2005,190395.0,2.5,0,5000.0,0.0
2015,34152.0,5.2,0,185500.0,0.0
2007,98528.0,2.4,1,7450.0,0.0
2011,91500.0,3.0,1,13599.0,0.0
2017,50850.0,6.2,0,37000.0,0.0
1999,130000.0,1.8,1,9000.0,0.0
2005,199400.0,4.7,1,8500.0,0.0
2013,84220.0,5.7,1,26500.0,0.0
2016,67280.0,4.7,0,41999.0,0.0
2018,66000.0,5.7,0,51000.0,0.0
2018,53450.0,6.2,0,49999.0,0.0
2018,63277.0,1.8,0,20900.0,0.0
2020,30900.0,2.5,0,21000.0,0.0
2015,85000.0,3.5,0,31000.0,0.0
2016,108130.0,2.5,0,18500.0,0.0
2023,11400.0,4.0,0,46000.0,0.0
2013,63300.0,4.6,0,22800.0,0.0
2012,122600.0,3.0,1,12900.0,0.0
2006,145565.0,3.5,1,4500.0,0.0
2016,66500.0,3.5,0,27000.0,0.0
2017,75000.0,2.0,0,20000.0,0.0
2013,67000.0,4.4,1,24500.0,0.0
2019,24500.0,2.0,0,31000.0,0.0
2013,37500.0,3.0,0,26000.0,0.0
2013,101000.0,3.8,0,59000.0,0.0
2000,245000.0,3.0,1,2500.0,0.0
2016,103814.0,1.6,1,14995.0,0.0
2021,27000.0,4.0,0,48500.0,0.0
2021,60942.0,2.0,0,32085.0,1.0
2011,100780.0,3.0,1,12000.0,0.0
2012,167000.0,4.6,1,19470.0,0.0
2008,161000.0,6.0,1,17000.0,0.0
2005,90200.0,2.0,0,12499.0,0.0
2012,159870.0,2.5,1,9750.0,0.0
2022,14550.0,2.0,0,41500.0,0.0
2018,38000.0,3.0,0,32000.0,0.0
2002,35515.0,5.7,1,21000.0,0.0
1993,94200.0,,1,2500.0,0.0
2008,33300.0,5.5,0,34500.0,0.0
2016,90189.0,2.0,1,17995.0,0.0
2001,59500.0,3.2,0,6500.0,0.0
2017,134000.0,3.5,0,26500.0,0.0
2014,86281.0,3.6,0,18900.0,0.0
2020,34580.0,3.0,0,56000.0,0.0
2007,145000.0,3.3,1,4200.0,0.0
2021,11737.0,2.5,0,33687.0,1.0
2016,67499.0,3.6,0,27500.0,0.0
2004,220450.0,4.0,0,8550.0,0.0
2018,20200.0,5.3,1,42950.0,0.0
2000,40000.0,4.0,0,15400.0,0.0
2015,80300.0,2.0,1,22000.0,0.0
2017,63150.0,2.0,0,21500.0,0.0
2018,48210.0,3.6,0,24999.0,0.0
2012,115359.0,1.6,0,9950.0,0.0
2018,90601.0,2.0,0,26000.0,0.0
2000,132200.0,5.0,0,26900.0,0.0
2023,4000.0,2.0,0,65000.0,0.0
2019,32000.0,2.0,0,32750.0,0.0
2016,95070.0,1.6,0,12750.0,0.0
2017,148000.0,2.5,0,13000.0,0.0
2014,125519.0,1.8,1,16000.0,0.0
2013,90000.0,3.7,0,14500.0,0.0
2018,49650.0,2.0,1,23750.0,0.0
2015,149800.0,2.5,1,11600.0,0.0
2019,37161.0,2.5,0,26990.0,1.0
2000,188000.0,,1,10000.0,0.0
2016,111700.0,2.5,0,15500.0,0.0
2016,72784.0,4.7,0,34900.0,0.0
2007,150000.0,6.2,0,9999.0,0.0
2012,140450.0,2.0,1,8500.0,0.0
2010,132700.0,2.5,1,10700.0,0.0
2020,49000.0,3.6,0,40000.0,0.0
2023,2058.0,6.2,0,101999.0,0.0
2019,23442.0,3.6,0,44500.0,0.0
2016,91239.0,3.5,0,17500.0,0.0
2022,2950.0,3.0,0,131000.0,0.0
2019,59678.0,2.7,0,33700.0,1.0
2022,2010.0,3.0,0,55000.0,0.0
2014,80354.0,1.8,1,13310.0,0.0
2018,105674.0,3.5,0,34995.0,0.0
2013,92700.0,4.6,1,20800.0,0.0
2016,101387.0,2.0,1,16000.0,0.0
2021,36544.0,2.0,0,33290.0,1.0
2019,41000.0,3.0,0,39900.0,0.0
2013,115872.0,3.6,0,9500.0,0.0
2011,135603.0,1.8,0,7000.0,0.0
2020,26540.0,3.5,0,46995.0,0.0
2011,35134.0,5.0,1,12400.0,0.0
2020,49990.0,2.0,0,53000.0,0.0
2011,153818.0,6.7,1,29800.0,0.0
2017,58060.0,3.0,1,26000.0,0.0
2015,36000.0,3.8,0,84999.0,0.0
2022,17000.0,2.7,0,69999.0,0.0
2013,99982.0,2.0,1,6900.0,0.0
2019,106000.0,2.0,1,12000.0,0.0
1994,178416.0,,0,9000.0,0.0
2014,82500.0,1.8,0,15000.0,0.0
2018,41500.0,3.0,0,61000.0,0.0
2015,92984.0,2.0,1,17000.0,0.0
2007,120000.0,3.5,0,6750.0,0.0
2015,25548.0,6.2,0,49000.0,0.0
2018,65441.0,2.7,0,38000.0,0.0
2010,154860.0,4.6,0,17900.0,0.0
2022,21057.0,4.4,0,99800.0,0.0
2016,39750.0,1.8,0,21995.0,0.0
2018,71312.0,3.6,0,17899.0,0.0
2015,43500.0,3.4,0,66500.0,0.0
2020,34000.0,3.0,0,59335.0,0.0
2021,32250.0,2.4,1,36000.0,0.0
2011,194000.0,3.6,1,3500.0,0.0
2023,2000.0,4.0,0,175000.0,0.0
2018,53705.0,2.0,1,25900.0,0.0
2023,714.0,6.0,0,349950.0,1.0
2022,10900.0,3.0,0,53900.0,0.0
2020,33000.0,3.5,0,62999.0,0.0
2020,43000.0,2.0,1,40000.0,0.0
